Record Length,2.500000e+03,,  -0.000000250000,  -0.12000,
Sample Interval,2.000000e-10,,  -0.000000249800,  -0.12000,
Trigger Point,1.250000000000e+03,,  -0.000000249600,  -0.12000,
,,,  -0.000000249400,  -0.08000,
,,,  -0.000000249200,  -0.08000,
,,,  -0.000000249000,  -0.08000,
Source,CH1,,  -0.000000248800,  -0.12000,
Vertical Units,V,,  -0.000000248600,  -0.16000,
Vertical Scale,1.000000e+00,,  -0.000000248400,  -0.16000,
Vertical Offset,-2.720000e+00,,  -0.000000248200,  -0.16000,
Horizontal Units,s,,  -0.000000248000,  -0.16000,
Horizontal Scale,5.000000e-08,,  -0.000000247800,  -0.12000,
Pt Fmt,Y,,  -0.000000247600,  -0.12000,
Yzero,0.000000e+00,,  -0.000000247400,  -0.12000,
Probe Atten,1.000000e+00,,  -0.000000247200,  -0.12000,
Model Number,TDS2022C,,  -0.000000247000,  -0.12000,
Serial Number,C050403,,  -0.000000246800,  -0.08000,
Firmware Version,FV:v24.26,,  -0.000000246600,  -0.12000,
,,,-00.000000246400,  -0.12000,
,,,-00.000000246200,  -0.16000,
,,,-00.000000246000,  -0.16000,
,,,-00.000000245800,  -0.16000,
,,,-00.000000245600,  -0.16000,
,,,-00.000000245400,  -0.12000,
,,,-00.000000245200,  -0.12000,
,,,-00.000000245000,  -0.08000,
,,,-00.000000244800,  -0.12000,
,,,-00.000000244600,  -0.12000,
,,,-00.000000244400,  -0.12000,
,,,-00.000000244200,  -0.16000,
,,,-00.000000244000,  -0.12000,
,,,-00.000000243800,  -0.12000,
,,,-00.000000243600,  -0.12000,
,,,-00.000000243400,  -0.08000,
,,,-00.000000243200,  -0.08000,
,,,-00.000000243000,  -0.08000,
,,,-00.000000242800,  -0.12000,
,,,-00.000000242600,  -0.12000,
,,,-00.000000242400,  -0.12000,
,,,-00.000000242200,  -0.12000,
,,,-00.000000242000,  -0.12000,
,,,-00.000000241800,  -0.12000,
,,,-00.000000241600,  -0.12000,
,,,-00.000000241400,  -0.12000,
,,,-00.000000241200,  -0.16000,
,,,-00.000000241000,  -0.12000,
,,,-00.000000240800,  -0.12000,
,,,-00.000000240600,  -0.12000,
,,,-00.000000240400,  -0.08000,
,,,-00.000000240200,  -0.08000,
,,,-00.000000240000,  -0.08000,
,,,-00.000000239800,  -0.08000,
,,,-00.000000239600,  -0.08000,
,,,-00.000000239400,  -0.08000,
,,,-00.000000239200,  -0.12000,
,,,-00.000000239000,  -0.12000,
,,,-00.000000238800,  -0.12000,
,,,-00.000000238600,  -0.16000,
,,,-00.000000238400,  -0.12000,
,,,-00.000000238200,  -0.12000,
,,,-00.000000238000,  -0.12000,
,,,-00.000000237800,  -0.08000,
,,,-00.000000237600,  -0.08000,
,,,-00.000000237400,  -0.08000,
,,,-00.000000237200,  -0.08000,
,,,-00.000000237000,  -0.08000,
,,,-00.000000236800,  -0.04000,
,,,-00.000000236600,  -0.04000,
,,,-00.000000236400,  -0.04000,
,,,-00.000000236200,  -0.08000,
,,,-00.000000236000,  -0.08000,
,,,-00.000000235800,  -0.12000,
,,,-00.000000235600,  -0.12000,
,,,-00.000000235400,  -0.12000,
,,,-00.000000235200,  -0.16000,
,,,-00.000000235000,  -0.12000,
,,,-00.000000234800,  -0.12000,
,,,-00.000000234600,  -0.12000,
,,,-00.000000234400,  -0.08000,
,,,-00.000000234200,  -0.08000,
,,,-00.000000234000,  -0.08000,
,,,-00.000000233800,  -0.08000,
,,,-00.000000233600,  -0.08000,
,,,-00.000000233400,  -0.04000,
,,,-00.000000233200,  -0.04000,
,,,-00.000000233000,  -0.04000,
,,,-00.000000232800,  -0.08000,
,,,-00.000000232600,  -0.12000,
,,,-00.000000232400,  -0.12000,
,,,-00.000000232200,  -0.16000,
,,,-00.000000232000,  -0.16000,
,,,-00.000000231800,  -0.12000,
,,,-00.000000231600,  -0.12000,
,,,-00.000000231400,  -0.08000,
,,,-00.000000231200,  -0.12000,
,,,-00.000000231000,  -0.12000,
,,,-00.000000230800,  -0.12000,
,,,-00.000000230600,  -0.12000,
,,,-00.000000230400,  -0.08000,
,,,-00.000000230200,  -0.08000,
,,,-00.000000230000,  -0.08000,
,,,-00.000000229800,  -0.08000,
,,,-00.000000229600,  -0.08000,
,,,-00.000000229400,  -0.08000,
,,,-00.000000229200,  -0.08000,
,,,-00.000000229000,  -0.08000,
,,,-00.000000228800,  -0.08000,
,,,-00.000000228600,  -0.08000,
,,,-00.000000228400,  -0.08000,
,,,-00.000000228200,  -0.12000,
,,,-00.000000228000,  -0.12000,
,,,-00.000000227800,  -0.12000,
,,,-00.000000227600,  -0.12000,
,,,-00.000000227400,  -0.08000,
,,,-00.000000227200,  -0.12000,
,,,-00.000000227000,  -0.12000,
,,,-00.000000226800,  -0.12000,
,,,-00.000000226600,  -0.12000,
,,,-00.000000226400,  -0.08000,
,,,-00.000000226200,  -0.08000,
,,,-00.000000226000,  -0.08000,
,,,-00.000000225800,  -0.12000,
,,,-00.000000225600,  -0.12000,
,,,-00.000000225400,  -0.12000,
,,,-00.000000225200,  -0.12000,
,,,-00.000000225000,  -0.12000,
,,,-00.000000224800,  -0.12000,
,,,-00.000000224600,  -0.12000,
,,,-00.000000224400,  -0.12000,
,,,-00.000000224200,  -0.12000,
,,,-00.000000224000,  -0.12000,
,,,-00.000000223800,  -0.12000,
,,,-00.000000223600,  -0.12000,
,,,-00.000000223400,  -0.08000,
,,,-00.000000223200,  -0.08000,
,,,-00.000000223000,  -0.08000,
,,,-00.000000222800,  -0.12000,
,,,-00.000000222600,  -0.12000,
,,,-00.000000222400,  -0.12000,
,,,-00.000000222200,  -0.16000,
,,,-00.000000222000,  -0.12000,
,,,-00.000000221800,  -0.12000,
,,,-00.000000221600,  -0.12000,
,,,-00.000000221400,  -0.08000,
,,,-00.000000221200,  -0.08000,
,,,-00.000000221000,  -0.08000,
,,,-00.000000220800,  -0.08000,
,,,-00.000000220600,  -0.08000,
,,,-00.000000220400,  -0.08000,
,,,-00.000000220200,  -0.08000,
,,,-00.000000220000,  -0.08000,
,,,-00.000000219800,  -0.04000,
,,,-00.000000219600,  -0.04000,
,,,-00.000000219400,  -0.04000,
,,,-00.000000219200,  -0.04000,
,,,-00.000000219000,  -0.04000,
,,,-00.000000218800,  -0.08000,
,,,-00.000000218600,  -0.08000,
,,,-00.000000218400,  -0.08000,
,,,-00.000000218200,  -0.12000,
,,,-00.000000218000,  -0.08000,
,,,-00.000000217800,  -0.08000,
,,,-00.000000217600,  -0.08000,
,,,-00.000000217400,  -0.04000,
,,,-00.000000217200,  -0.04000,
,,,-00.000000217000,  -0.04000,
,,,-00.000000216800,  -0.08000,
,,,-00.000000216600,  -0.12000,
,,,-00.000000216400,  -0.12000,
,,,-00.000000216200,  -0.12000,
,,,-00.000000216000,  -0.12000,
,,,-00.000000215800,  -0.12000,
,,,-00.000000215600,  -0.12000,
,,,-00.000000215400,  -0.12000,
,,,-00.000000215200,  -0.12000,
,,,-00.000000215000,  -0.12000,
,,,-00.000000214800,  -0.12000,
,,,-00.000000214600,  -0.12000,
,,,-00.000000214400,  -0.12000,
,,,-00.000000214200,  -0.12000,
,,,-00.000000214000,  -0.12000,
,,,-00.000000213800,  -0.08000,
,,,-00.000000213600,  -0.08000,
,,,-00.000000213400,  -0.08000,
,,,-00.000000213200,  -0.08000,
,,,-00.000000213000,  -0.08000,
,,,-00.000000212800,  -0.08000,
,,,-00.000000212600,  -0.08000,
,,,-00.000000212400,  -0.08000,
,,,-00.000000212200,  -0.08000,
,,,-00.000000212000,  -0.08000,
,,,-00.000000211800,  -0.08000,
,,,-00.000000211600,  -0.08000,
,,,-00.000000211400,  -0.04000,
,,,-00.000000211200,  -0.08000,
,,,-00.000000211000,  -0.08000,
,,,-00.000000210800,  -0.08000,
,,,-00.000000210600,  -0.12000,
,,,-00.000000210400,  -0.08000,
,,,-00.000000210200,  -0.08000,
,,,-00.000000210000,  -0.08000,
,,,-00.000000209800,  -0.08000,
,,,-00.000000209600,  -0.08000,
,,,-00.000000209400,  -0.08000,
,,,-00.000000209200,  -0.08000,
,,,-00.000000209000,  -0.08000,
,,,-00.000000208800,  -0.08000,
,,,-00.000000208600,  -0.08000,
,,,-00.000000208400,  -0.08000,
,,,-00.000000208200,  -0.08000,
,,,-00.000000208000,  -0.08000,
,,,-00.000000207800,  -0.08000,
,,,-00.000000207600,  -0.08000,
,,,-00.000000207400,  -0.08000,
,,,-00.000000207200,  -0.12000,
,,,-00.000000207000,  -0.12000,
,,,-00.000000206800,  -0.16000,
,,,-00.000000206600,  -0.16000,
,,,-00.000000206400,  -0.12000,
,,,-00.000000206200,  -0.12000,
,,,-00.000000206000,  -0.08000,
,,,-00.000000205800,  -0.04000,
,,,-00.000000205600,  -0.08000,
,,,-00.000000205400,  -0.08000,
,,,-00.000000205200,  -0.12000,
,,,-00.000000205000,  -0.12000,
,,,-00.000000204800,  -0.12000,
,,,-00.000000204600,  -0.16000,
,,,-00.000000204400,  -0.12000,
,,,-00.000000204200,  -0.12000,
,,,-00.000000204000,  -0.12000,
,,,-00.000000203800,  -0.08000,
,,,-00.000000203600,  -0.08000,
,,,-00.000000203400,  -0.04000,
,,,-00.000000203200,  -0.08000,
,,,-00.000000203000,  -0.08000,
,,,-00.000000202800,  -0.08000,
,,,-00.000000202600,  -0.08000,
,,,-00.000000202400,  -0.04000,
,,,-00.000000202200,  -0.08000,
,,,-00.000000202000,  -0.08000,
,,,-00.000000201800,  -0.08000,
,,,-00.000000201600,  -0.08000,
,,,-00.000000201400,  -0.04000,
,,,-00.000000201200,  -0.04000,
,,,-00.000000201000,  -0.04000,
,,,-00.000000200800,  -0.08000,
,,,-00.000000200600,  -0.12000,
,,,-00.000000200400,  -0.12000,
,,,-00.000000200200,  -0.12000,
,,,-00.000000200000,  -0.12000,
,,,-00.000000199800,  -0.08000,
,,,-00.000000199600,  -0.08000,
,,,-00.000000199400,  -0.08000,
,,,-00.000000199200,  -0.12000,
,,,-00.000000199000,  -0.12000,
,,,-00.000000198800,  -0.12000,
,,,-00.000000198600,  -0.12000,
,,,-00.000000198400,  -0.08000,
,,,-00.000000198200,  -0.08000,
,,,-00.000000198000,  -0.08000,
,,,-00.000000197800,  -0.08000,
,,,-00.000000197600,  -0.08000,
,,,-00.000000197400,  -0.08000,
,,,-00.000000197200,  -0.12000,
,,,-00.000000197000,  -0.12000,
,,,-00.000000196800,  -0.12000,
,,,-00.000000196600,  -0.16000,
,,,-00.000000196400,  -0.12000,
,,,-00.000000196200,  -0.12000,
,,,-00.000000196000,  -0.12000,
,,,-00.000000195800,  -0.08000,
,,,-00.000000195600,  -0.08000,
,,,-00.000000195400,  -0.08000,
,,,-00.000000195200,  -0.08000,
,,,-00.000000195000,  -0.08000,
,,,-00.000000194800,  -0.08000,
,,,-00.000000194600,  -0.08000,
,,,-00.000000194400,  -0.08000,
,,,-00.000000194200,  -0.08000,
,,,-00.000000194000,  -0.08000,
,,,-00.000000193800,  -0.08000,
,,,-00.000000193600,  -0.08000,
,,,-00.000000193400,  -0.08000,
,,,-00.000000193200,  -0.08000,
,,,-00.000000193000,  -0.08000,
,,,-00.000000192800,  -0.04000,
,,,-00.000000192600,  -0.04000,
,,,-00.000000192400,  -0.04000,
,,,-00.000000192200,  -0.04000,
,,,-00.000000192000,  -0.04000,
,,,-00.000000191800,  -0.08000,
,,,-00.000000191600,  -0.08000,
,,,-00.000000191400,  -0.08000,
,,,-00.000000191200,  -0.08000,
,,,-00.000000191000,  -0.08000,
,,,-00.000000190800,  -0.08000,
,,,-00.000000190600,  -0.08000,
,,,-00.000000190400,  -0.08000,
,,,-00.000000190200,  -0.08000,
,,,-00.000000190000,  -0.08000,
,,,-00.000000189800,  -0.08000,
,,,-00.000000189600,  -0.08000,
,,,-00.000000189400,  -0.08000,
,,,-00.000000189200,  -0.08000,
,,,-00.000000189000,  -0.08000,
,,,-00.000000188800,  -0.08000,
,,,-00.000000188600,  -0.08000,
,,,-00.000000188400,  -0.04000,
,,,-00.000000188200,  -0.04000,
,,,-00.000000188000,  -0.04000,
,,,-00.000000187800,  -0.08000,
,,,-00.000000187600,  -0.08000,
,,,-00.000000187400,  -0.08000,
,,,-00.000000187200,  -0.08000,
,,,-00.000000187000,  -0.08000,
,,,-00.000000186800,  -0.04000,
,,,-00.000000186600,  -0.04000,
,,,-00.000000186400,  -0.04000,
,,,-00.000000186200,  -0.08000,
,,,-00.000000186000,  -0.08000,
,,,-00.000000185800,  -0.08000,
,,,-00.000000185600,  -0.08000,
,,,-00.000000185400,  -0.08000,
,,,-00.000000185200,  -0.08000,
,,,-00.000000185000,  -0.08000,
,,,-00.000000184800,  -0.12000,
,,,-00.000000184600,  -0.12000,
,,,-00.000000184400,  -0.12000,
,,,-00.000000184200,  -0.12000,
,,,-00.000000184000,  -0.12000,
,,,-00.000000183800,  -0.08000,
,,,-00.000000183600,  -0.08000,
,,,-00.000000183400,  -0.08000,
,,,-00.000000183200,  -0.12000,
,,,-00.000000183000,  -0.12000,
,,,-00.000000182800,  -0.12000,
,,,-00.000000182600,  -0.12000,
,,,-00.000000182400,  -0.08000,
,,,-00.000000182200,  -0.12000,
,,,-00.000000182000,  -0.12000,
,,,-00.000000181800,  -0.12000,
,,,-00.000000181600,  -0.12000,
,,,-00.000000181400,  -0.08000,
,,,-00.000000181200,  -0.12000,
,,,-00.000000181000,  -0.12000,
,,,-00.000000180800,  -0.16000,
,,,-00.000000180600,  -0.16000,
,,,-00.000000180400,  -0.12000,
,,,-00.000000180200,  -0.12000,
,,,-00.000000180000,  -0.08000,
,,,-00.000000179800,  -0.04000,
,,,-00.000000179600,  -0.04000,
,,,-00.000000179400,  -0.04000,
,,,-00.000000179200,  -0.08000,
,,,-00.000000179000,  -0.08000,
,,,-00.000000178800,  -0.08000,
,,,-00.000000178600,  -0.08000,
,,,-00.000000178400,  -0.08000,
,,,-00.000000178200,  -0.12000,
,,,-00.000000178000,  -0.12000,
,,,-00.000000177800,  -0.16000,
,,,-00.000000177600,  -0.16000,
,,,-00.000000177400,  -0.12000,
,,,-00.000000177200,  -0.12000,
,,,-00.000000177000,  -0.08000,
,,,-00.000000176800,  -0.04000,
,,,-00.000000176600,  -0.04000,
,,,-00.000000176400,  -0.04000,
,,,-00.000000176200,  -0.04000,
,,,-00.000000176000,  -0.04000,
,,,-00.000000175800,  -0.08000,
,,,-00.000000175600,  -0.08000,
,,,-00.000000175400,  -0.08000,
,,,-00.000000175200,  -0.08000,
,,,-00.000000175000,  -0.08000,
,,,-00.000000174800,  -0.12000,
,,,-00.000000174600,  -0.12000,
,,,-00.000000174400,  -0.12000,
,,,-00.000000174200,  -0.12000,
,,,-00.000000174000,  -0.12000,
,,,-00.000000173800,  -0.08000,
,,,-00.000000173600,  -0.08000,
,,,-00.000000173400,  -0.08000,
,,,-00.000000173200,  -0.08000,
,,,-00.000000173000,  -0.08000,
,,,-00.000000172800,  -0.12000,
,,,-00.000000172600,  -0.12000,
,,,-00.000000172400,  -0.12000,
,,,-00.000000172200,  -0.12000,
,,,-00.000000172000,  -0.12000,
,,,-00.000000171800,  -0.08000,
,,,-00.000000171600,  -0.08000,
,,,-00.000000171400,  -0.04000,
,,,-00.000000171200,  -0.04000,
,,,-00.000000171000,  -0.04000,
,,,-00.000000170800,  -0.04000,
,,,-00.000000170600,  -0.04000,
,,,-00.000000170400,  -0.04000,
,,,-00.000000170200,  -0.04000,
,,,-00.000000170000,  -0.04000,
,,,-00.000000169800,  -0.04000,
,,,-00.000000169600,  -0.04000,
,,,-00.000000169400,   0.00000,
,,,-00.000000169200,  -0.04000,
,,,-00.000000169000,  -0.04000,
,,,-00.000000168800,  -0.08000,
,,,-00.000000168600,  -0.08000,
,,,-00.000000168400,  -0.08000,
,,,-00.000000168200,  -0.08000,
,,,-00.000000168000,  -0.08000,
,,,-00.000000167800,  -0.08000,
,,,-00.000000167600,  -0.08000,
,,,-00.000000167400,  -0.08000,
,,,-00.000000167200,  -0.08000,
,,,-00.000000167000,  -0.08000,
,,,-00.000000166800,  -0.04000,
,,,-00.000000166600,  -0.04000,
,,,-00.000000166400,  -0.04000,
,,,-00.000000166200,  -0.08000,
,,,-00.000000166000,  -0.08000,
,,,-00.000000165800,  -0.08000,
,,,-00.000000165600,  -0.12000,
,,,-00.000000165400,  -0.08000,
,,,-00.000000165200,  -0.08000,
,,,-00.000000165000,  -0.08000,
,,,-00.000000164800,  -0.08000,
,,,-00.000000164600,  -0.08000,
,,,-00.000000164400,  -0.08000,
,,,-00.000000164200,  -0.12000,
,,,-00.000000164000,  -0.08000,
,,,-00.000000163800,  -0.08000,
,,,-00.000000163600,  -0.08000,
,,,-00.000000163400,  -0.04000,
,,,-00.000000163200,  -0.08000,
,,,-00.000000163000,  -0.08000,
,,,-00.000000162800,  -0.08000,
,,,-00.000000162600,  -0.12000,
,,,-00.000000162400,  -0.08000,
,,,-00.000000162200,  -0.08000,
,,,-00.000000162000,  -0.08000,
,,,-00.000000161800,  -0.08000,
,,,-00.000000161600,  -0.08000,
,,,-00.000000161400,  -0.08000,
,,,-00.000000161200,  -0.12000,
,,,-00.000000161000,  -0.08000,
,,,-00.000000160800,  -0.08000,
,,,-00.000000160600,  -0.08000,
,,,-00.000000160400,  -0.04000,
,,,-00.000000160200,  -0.08000,
,,,-00.000000160000,  -0.08000,
,,,-00.000000159800,  -0.08000,
,,,-00.000000159600,  -0.08000,
,,,-00.000000159400,  -0.04000,
,,,-00.000000159200,  -0.08000,
,,,-00.000000159000,  -0.08000,
,,,-00.000000158800,  -0.08000,
,,,-00.000000158600,  -0.08000,
,,,-00.000000158400,  -0.08000,
,,,-00.000000158200,  -0.08000,
,,,-00.000000158000,  -0.08000,
,,,-00.000000157800,  -0.12000,
,,,-00.000000157600,  -0.12000,
,,,-00.000000157400,  -0.12000,
,,,-00.000000157200,  -0.16000,
,,,-00.000000157000,  -0.16000,
,,,-00.000000156800,  -0.12000,
,,,-00.000000156600,  -0.08000,
,,,-00.000000156400,  -0.04000,
,,,-00.000000156200,  -0.04000,
,,,-00.000000156000,  -0.04000,
,,,-00.000000155800,  -0.08000,
,,,-00.000000155600,  -0.08000,
,,,-00.000000155400,  -0.08000,
,,,-00.000000155200,  -0.12000,
,,,-00.000000155000,  -0.12000,
,,,-00.000000154800,  -0.08000,
,,,-00.000000154600,  -0.04000,
,,,-00.000000154400,   0.00000,
,,,-00.000000154200,   0.00000,
,,,-00.000000154000,   0.00000,
,,,-00.000000153800,  -0.04000,
,,,-00.000000153600,  -0.08000,
,,,-00.000000153400,  -0.08000,
,,,-00.000000153200,  -0.08000,
,,,-00.000000153000,  -0.08000,
,,,-00.000000152800,  -0.04000,
,,,-00.000000152600,  -0.04000,
,,,-00.000000152400,  -0.04000,
,,,-00.000000152200,  -0.04000,
,,,-00.000000152000,  -0.04000,
,,,-00.000000151800,  -0.08000,
,,,-00.000000151600,  -0.08000,
,,,-00.000000151400,  -0.08000,
,,,-00.000000151200,  -0.08000,
,,,-00.000000151000,  -0.08000,
,,,-00.000000150800,  -0.08000,
,,,-00.000000150600,  -0.08000,
,,,-00.000000150400,  -0.08000,
,,,-00.000000150200,  -0.12000,
,,,-00.000000150000,  -0.08000,
,,,-00.000000149800,  -0.08000,
,,,-00.000000149600,  -0.08000,
,,,-00.000000149400,  -0.04000,
,,,-00.000000149200,  -0.08000,
,,,-00.000000149000,  -0.08000,
,,,-00.000000148800,  -0.08000,
,,,-00.000000148600,  -0.12000,
,,,-00.000000148400,  -0.08000,
,,,-00.000000148200,  -0.08000,
,,,-00.000000148000,  -0.08000,
,,,-00.000000147800,  -0.04000,
,,,-00.000000147600,  -0.04000,
,,,-00.000000147400,   0.00000,
,,,-00.000000147200,  -0.04000,
,,,-00.000000147000,  -0.04000,
,,,-00.000000146800,  -0.04000,
,,,-00.000000146600,  -0.04000,
,,,-00.000000146400,  -0.04000,
,,,-00.000000146200,  -0.04000,
,,,-00.000000146000,  -0.04000,
,,,-00.000000145800,  -0.04000,
,,,-00.000000145600,  -0.04000,
,,,-00.000000145400,  -0.04000,
,,,-00.000000145200,  -0.08000,
,,,-00.000000145000,  -0.08000,
,,,-00.000000144800,  -0.08000,
,,,-00.000000144600,  -0.08000,
,,,-00.000000144400,  -0.04000,
,,,-00.000000144200,  -0.04000,
,,,-00.000000144000,  -0.04000,
,,,-00.000000143800,  -0.08000,
,,,-00.000000143600,  -0.12000,
,,,-00.000000143400,  -0.12000,
,,,-00.000000143200,  -0.12000,
,,,-00.000000143000,  -0.12000,
,,,-00.000000142800,  -0.08000,
,,,-00.000000142600,  -0.08000,
,,,-00.000000142400,  -0.08000,
,,,-00.000000142200,  -0.08000,
,,,-00.000000142000,  -0.08000,
,,,-00.000000141800,  -0.08000,
,,,-00.000000141600,  -0.08000,
,,,-00.000000141400,  -0.08000,
,,,-00.000000141200,  -0.08000,
,,,-00.000000141000,  -0.08000,
,,,-00.000000140800,  -0.08000,
,,,-00.000000140600,  -0.08000,
,,,-00.000000140400,  -0.04000,
,,,-00.000000140200,  -0.04000,
,,,-00.000000140000,  -0.04000,
,,,-00.000000139800,  -0.08000,
,,,-00.000000139600,  -0.08000,
,,,-00.000000139400,  -0.08000,
,,,-00.000000139200,  -0.08000,
,,,-00.000000139000,  -0.08000,
,,,-00.000000138800,  -0.08000,
,,,-00.000000138600,  -0.08000,
,,,-00.000000138400,  -0.08000,
,,,-00.000000138200,  -0.08000,
,,,-00.000000138000,  -0.08000,
,,,-00.000000137800,  -0.08000,
,,,-00.000000137600,  -0.08000,
,,,-00.000000137400,  -0.08000,
,,,-00.000000137200,  -0.08000,
,,,-00.000000137000,  -0.04000,
,,,-00.000000136800,   0.00000,
,,,-00.000000136600,  -0.04000,
,,,-00.000000136400,  -0.04000,
,,,-00.000000136200,  -0.04000,
,,,-00.000000136000,  -0.04000,
,,,-00.000000135800,  -0.04000,
,,,-00.000000135600,  -0.04000,
,,,-00.000000135400,  -0.04000,
,,,-00.000000135200,  -0.08000,
,,,-00.000000135000,  -0.08000,
,,,-00.000000134800,  -0.08000,
,,,-00.000000134600,  -0.08000,
,,,-00.000000134400,  -0.04000,
,,,-00.000000134200,  -0.04000,
,,,-00.000000134000,  -0.04000,
,,,-00.000000133800,  -0.08000,
,,,-00.000000133600,  -0.12000,
,,,-00.000000133400,  -0.12000,
,,,-00.000000133200,  -0.12000,
,,,-00.000000133000,  -0.12000,
,,,-00.000000132800,  -0.08000,
,,,-00.000000132600,  -0.08000,
,,,-00.000000132400,  -0.04000,
,,,-00.000000132200,  -0.04000,
,,,-00.000000132000,  -0.04000,
,,,-00.000000131800,  -0.08000,
,,,-00.000000131600,  -0.08000,
,,,-00.000000131400,  -0.08000,
,,,-00.000000131200,  -0.12000,
,,,-00.000000131000,  -0.08000,
,,,-00.000000130800,  -0.08000,
,,,-00.000000130600,  -0.08000,
,,,-00.000000130400,  -0.04000,
,,,-00.000000130200,  -0.08000,
,,,-00.000000130000,  -0.08000,
,,,-00.000000129800,  -0.08000,
,,,-00.000000129600,  -0.12000,
,,,-00.000000129400,  -0.08000,
,,,-00.000000129200,  -0.08000,
,,,-00.000000129000,  -0.04000,
,,,-00.000000128800,  -0.08000,
,,,-00.000000128600,  -0.12000,
,,,-00.000000128400,  -0.12000,
,,,-00.000000128200,  -0.16000,
,,,-00.000000128000,  -0.12000,
,,,-00.000000127800,  -0.12000,
,,,-00.000000127600,  -0.16000,
,,,-00.000000127400,  -0.12000,
,,,-00.000000127200,  -0.12000,
,,,-00.000000127000,  -0.08000,
,,,-00.000000126800,  -0.04000,
,,,-00.000000126600,  -0.04000,
,,,-00.000000126400,  -0.04000,
,,,-00.000000126200,  -0.08000,
,,,-00.000000126000,  -0.08000,
,,,-00.000000125800,  -0.08000,
,,,-00.000000125600,  -0.08000,
,,,-00.000000125400,  -0.08000,
,,,-00.000000125200,  -0.08000,
,,,-00.000000125000,  -0.08000,
,,,-00.000000124800,  -0.08000,
,,,-00.000000124600,  -0.08000,
,,,-00.000000124400,  -0.04000,
,,,-00.000000124200,  -0.04000,
,,,-00.000000124000,  -0.04000,
,,,-00.000000123800,  -0.08000,
,,,-00.000000123600,  -0.08000,
,,,-00.000000123400,  -0.08000,
,,,-00.000000123200,  -0.08000,
,,,-00.000000123000,  -0.08000,
,,,-00.000000122800,  -0.04000,
,,,-00.000000122600,  -0.04000,
,,,-00.000000122400,  -0.04000,
,,,-00.000000122200,  -0.08000,
,,,-00.000000122000,  -0.08000,
,,,-00.000000121800,  -0.08000,
,,,-00.000000121600,  -0.12000,
,,,-00.000000121400,  -0.08000,
,,,-00.000000121200,  -0.08000,
,,,-00.000000121000,  -0.08000,
,,,-00.000000120800,  -0.04000,
,,,-00.000000120600,  -0.04000,
,,,-00.000000120400,   0.00000,
,,,-00.000000120200,  -0.04000,
,,,-00.000000120000,  -0.04000,
,,,-00.000000119800,  -0.08000,
,,,-00.000000119600,  -0.08000,
,,,-00.000000119400,  -0.08000,
,,,-00.000000119200,  -0.12000,
,,,-00.000000119000,  -0.08000,
,,,-00.000000118800,  -0.08000,
,,,-00.000000118600,  -0.08000,
,,,-00.000000118400,  -0.04000,
,,,-00.000000118200,  -0.08000,
,,,-00.000000118000,  -0.08000,
,,,-00.000000117800,  -0.08000,
,,,-00.000000117600,  -0.08000,
,,,-00.000000117400,  -0.04000,
,,,-00.000000117200,  -0.04000,
,,,-00.000000117000,  -0.04000,
,,,-00.000000116800,  -0.08000,
,,,-00.000000116600,  -0.08000,
,,,-00.000000116400,  -0.08000,
,,,-00.000000116200,  -0.08000,
,,,-00.000000116000,  -0.08000,
,,,-00.000000115800,  -0.08000,
,,,-00.000000115600,  -0.08000,
,,,-00.000000115400,  -0.08000,
,,,-00.000000115200,  -0.12000,
,,,-00.000000115000,  -0.12000,
,,,-00.000000114800,  -0.12000,
,,,-00.000000114600,  -0.16000,
,,,-00.000000114400,  -0.12000,
,,,-00.000000114200,  -0.12000,
,,,-00.000000114000,  -0.12000,
,,,-00.000000113800,  -0.08000,
,,,-00.000000113600,  -0.08000,
,,,-00.000000113400,  -0.08000,
,,,-00.000000113200,  -0.08000,
,,,-00.000000113000,  -0.08000,
,,,-00.000000112800,  -0.08000,
,,,-00.000000112600,  -0.08000,
,,,-00.000000112400,  -0.08000,
,,,-00.000000112200,  -0.08000,
,,,-00.000000112000,  -0.08000,
,,,-00.000000111800,  -0.08000,
,,,-00.000000111600,  -0.08000,
,,,-00.000000111400,  -0.08000,
,,,-00.000000111200,  -0.08000,
,,,-00.000000111000,  -0.08000,
,,,-00.000000110800,  -0.08000,
,,,-00.000000110600,  -0.08000,
,,,-00.000000110400,  -0.08000,
,,,-00.000000110200,  -0.08000,
,,,-00.000000110000,  -0.08000,
,,,-00.000000109800,  -0.04000,
,,,-00.000000109600,  -0.04000,
,,,-00.000000109400,  -0.04000,
,,,-00.000000109200,  -0.08000,
,,,-00.000000109000,  -0.08000,
,,,-00.000000108800,  -0.08000,
,,,-00.000000108600,  -0.08000,
,,,-00.000000108400,  -0.08000,
,,,-00.000000108200,  -0.08000,
,,,-00.000000108000,  -0.08000,
,,,-00.000000107800,  -0.08000,
,,,-00.000000107600,  -0.08000,
,,,-00.000000107400,  -0.04000,
,,,-00.000000107200,  -0.04000,
,,,-00.000000107000,  -0.04000,
,,,-00.000000106800,  -0.08000,
,,,-00.000000106600,  -0.08000,
,,,-00.000000106400,  -0.08000,
,,,-00.000000106200,  -0.08000,
,,,-00.000000106000,  -0.08000,
,,,-00.000000105800,  -0.08000,
,,,-00.000000105600,  -0.08000,
,,,-00.000000105400,  -0.08000,
,,,-00.000000105200,  -0.12000,
,,,-00.000000105000,  -0.12000,
,,,-00.000000104800,  -0.08000,
,,,-00.000000104600,  -0.04000,
,,,-00.000000104400,   0.00000,
,,,-00.000000104200,  -0.04000,
,,,-00.000000104000,  -0.04000,
,,,-00.000000103800,  -0.04000,
,,,-00.000000103600,  -0.04000,
,,,-00.000000103400,  -0.04000,
,,,-00.000000103200,  -0.04000,
,,,-00.000000103000,  -0.04000,
,,,-00.000000102800,  -0.04000,
,,,-00.000000102600,  -0.04000,
,,,-00.000000102400,  -0.04000,
,,,-00.000000102200,  -0.08000,
,,,-00.000000102000,  -0.08000,
,,,-00.000000101800,  -0.08000,
,,,-00.000000101600,  -0.12000,
,,,-00.000000101400,  -0.08000,
,,,-00.000000101200,  -0.08000,
,,,-00.000000101000,  -0.08000,
,,,-00.000000100800,  -0.04000,
,,,-00.000000100600,  -0.04000,
,,,-00.000000100400,  -0.04000,
,,,-00.000000100200,  -0.08000,
,,,-00.000000100000,  -0.12000,
,,,-00.000000099800,  -0.12000,
,,,-00.000000099600,  -0.12000,
,,,-00.000000099400,  -0.08000,
,,,-00.000000099200,  -0.08000,
,,,-00.000000099000,  -0.08000,
,,,-00.000000098800,  -0.08000,
,,,-00.000000098600,  -0.08000,
,,,-00.000000098400,  -0.08000,
,,,-00.000000098200,  -0.08000,
,,,-00.000000098000,  -0.08000,
,,,-00.000000097800,  -0.12000,
,,,-00.000000097600,  -0.12000,
,,,-00.000000097400,  -0.12000,
,,,-00.000000097200,  -0.12000,
,,,-00.000000097000,  -0.12000,
,,,-00.000000096800,  -0.08000,
,,,-00.000000096600,  -0.08000,
,,,-00.000000096400,  -0.08000,
,,,-00.000000096200,  -0.08000,
,,,-00.000000096000,  -0.08000,
,,,-00.000000095800,  -0.08000,
,,,-00.000000095600,  -0.08000,
,,,-00.000000095400,  -0.08000,
,,,-00.000000095200,  -0.08000,
,,,-00.000000095000,  -0.08000,
,,,-00.000000094800,  -0.08000,
,,,-00.000000094600,  -0.08000,
,,,-00.000000094400,  -0.08000,
,,,-00.000000094200,  -0.08000,
,,,-00.000000094000,  -0.08000,
,,,-00.000000093800,  -0.08000,
,,,-00.000000093600,  -0.08000,
,,,-00.000000093400,  -0.08000,
,,,-00.000000093200,  -0.08000,
,,,-00.000000093000,  -0.08000,
,,,-00.000000092800,  -0.08000,
,,,-00.000000092600,  -0.08000,
,,,-00.000000092400,  -0.08000,
,,,-00.000000092200,  -0.08000,
,,,-00.000000092000,  -0.08000,
,,,-00.000000091800,  -0.04000,
,,,-00.000000091600,  -0.04000,
,,,-00.000000091400,  -0.04000,
,,,-00.000000091200,  -0.08000,
,,,-00.000000091000,  -0.08000,
,,,-00.000000090800,  -0.08000,
,,,-00.000000090600,  -0.08000,
,,,-00.000000090400,  -0.08000,
,,,-00.000000090200,  -0.08000,
,,,-00.000000090000,  -0.08000,
,,,-00.000000089800,  -0.08000,
,,,-00.000000089600,  -0.08000,
,,,-00.000000089400,  -0.04000,
,,,-00.000000089200,  -0.04000,
,,,-00.000000089000,  -0.04000,
,,,-00.000000088800,  -0.04000,
,,,-00.000000088600,  -0.04000,
,,,-00.000000088400,  -0.04000,
,,,-00.000000088200,  -0.04000,
,,,-00.000000088000,  -0.04000,
,,,-00.000000087800,  -0.04000,
,,,-00.000000087600,  -0.04000,
,,,-00.000000087400,  -0.04000,
,,,-00.000000087200,  -0.08000,
,,,-00.000000087000,  -0.08000,
,,,-00.000000086800,  -0.08000,
,,,-00.000000086600,  -0.08000,
,,,-00.000000086400,  -0.04000,
,,,-00.000000086200,  -0.04000,
,,,-00.000000086000,  -0.04000,
,,,-00.000000085800,  -0.08000,
,,,-00.000000085600,  -0.08000,
,,,-00.000000085400,  -0.08000,
,,,-00.000000085200,  -0.08000,
,,,-00.000000085000,  -0.08000,
,,,-00.000000084800,  -0.08000,
,,,-00.000000084600,  -0.08000,
,,,-00.000000084400,  -0.08000,
,,,-00.000000084200,  -0.12000,
,,,-00.000000084000,  -0.08000,
,,,-00.000000083800,  -0.08000,
,,,-00.000000083600,  -0.08000,
,,,-00.000000083400,  -0.04000,
,,,-00.000000083200,  -0.08000,
,,,-00.000000083000,  -0.08000,
,,,-00.000000082800,  -0.08000,
,,,-00.000000082600,  -0.08000,
,,,-00.000000082400,  -0.04000,
,,,-00.000000082200,  -0.04000,
,,,-00.000000082000,  -0.04000,
,,,-00.000000081800,  -0.08000,
,,,-00.000000081600,  -0.08000,
,,,-00.000000081400,  -0.08000,
,,,-00.000000081200,  -0.08000,
,,,-00.000000081000,  -0.08000,
,,,-00.000000080800,  -0.08000,
,,,-00.000000080600,  -0.08000,
,,,-00.000000080400,  -0.08000,
,,,-00.000000080200,  -0.08000,
,,,-00.000000080000,  -0.08000,
,,,-00.000000079800,  -0.08000,
,,,-00.000000079600,  -0.08000,
,,,-00.000000079400,  -0.08000,
,,,-00.000000079200,  -0.08000,
,,,-00.000000079000,  -0.08000,
,,,-00.000000078800,  -0.04000,
,,,-00.000000078600,  -0.04000,
,,,-00.000000078400,  -0.04000,
,,,-00.000000078200,  -0.08000,
,,,-00.000000078000,  -0.08000,
,,,-00.000000077800,  -0.12000,
,,,-00.000000077600,  -0.12000,
,,,-00.000000077400,  -0.12000,
,,,-00.000000077200,  -0.16000,
,,,-00.000000077000,  -0.12000,
,,,-00.000000076800,  -0.12000,
,,,-00.000000076600,  -0.12000,
,,,-00.000000076400,  -0.08000,
,,,-00.000000076200,  -0.08000,
,,,-00.000000076000,  -0.04000,
,,,-00.000000075800,  -0.08000,
,,,-00.000000075600,  -0.08000,
,,,-00.000000075400,  -0.08000,
,,,-00.000000075200,  -0.08000,
,,,-00.000000075000,  -0.08000,
,,,-00.000000074800,  -0.04000,
,,,-00.000000074600,  -0.04000,
,,,-00.000000074400,  -0.04000,
,,,-00.000000074200,  -0.08000,
,,,-00.000000074000,  -0.08000,
,,,-00.000000073800,  -0.08000,
,,,-00.000000073600,  -0.08000,
,,,-00.000000073400,  -0.08000,
,,,-00.000000073200,  -0.12000,
,,,-00.000000073000,  -0.08000,
,,,-00.000000072800,  -0.08000,
,,,-00.000000072600,  -0.04000,
,,,-00.000000072400,   0.00000,
,,,-00.000000072200,  -0.04000,
,,,-00.000000072000,  -0.04000,
,,,-00.000000071800,  -0.04000,
,,,-00.000000071600,  -0.04000,
,,,-00.000000071400,   0.00000,
,,,-00.000000071200,  -0.04000,
,,,-00.000000071000,  -0.04000,
,,,-00.000000070800,  -0.04000,
,,,-00.000000070600,  -0.04000,
,,,-00.000000070400,  -0.04000,
,,,-00.000000070200,  -0.08000,
,,,-00.000000070000,  -0.08000,
,,,-00.000000069800,  -0.12000,
,,,-00.000000069600,  -0.12000,
,,,-00.000000069400,  -0.12000,
,,,-00.000000069200,  -0.12000,
,,,-00.000000069000,  -0.12000,
,,,-00.000000068800,  -0.12000,
,,,-00.000000068600,  -0.12000,
,,,-00.000000068400,  -0.12000,
,,,-00.000000068200,  -0.12000,
,,,-00.000000068000,  -0.12000,
,,,-00.000000067800,  -0.08000,
,,,-00.000000067600,  -0.08000,
,,,-00.000000067400,  -0.04000,
,,,-00.000000067200,  -0.08000,
,,,-00.000000067000,  -0.08000,
,,,-00.000000066800,  -0.12000,
,,,-00.000000066600,  -0.12000,
,,,-00.000000066400,  -0.12000,
,,,-00.000000066200,  -0.12000,
,,,-00.000000066000,  -0.12000,
,,,-00.000000065800,  -0.08000,
,,,-00.000000065600,  -0.08000,
,,,-00.000000065400,  -0.08000,
,,,-00.000000065200,  -0.08000,
,,,-00.000000065000,  -0.08000,
,,,-00.000000064800,  -0.08000,
,,,-00.000000064600,  -0.08000,
,,,-00.000000064400,  -0.08000,
,,,-00.000000064200,  -0.08000,
,,,-00.000000064000,  -0.08000,
,,,-00.000000063800,  -0.08000,
,,,-00.000000063600,  -0.08000,
,,,-00.000000063400,  -0.08000,
,,,-00.000000063200,  -0.08000,
,,,-00.000000063000,  -0.08000,
,,,-00.000000062800,  -0.08000,
,,,-00.000000062600,  -0.08000,
,,,-00.000000062400,  -0.08000,
,,,-00.000000062200,  -0.08000,
,,,-00.000000062000,  -0.08000,
,,,-00.000000061800,  -0.08000,
,,,-00.000000061600,  -0.08000,
,,,-00.000000061400,  -0.04000,
,,,-00.000000061200,  -0.08000,
,,,-00.000000061000,  -0.08000,
,,,-00.000000060800,  -0.08000,
,,,-00.000000060600,  -0.08000,
,,,-00.000000060400,  -0.04000,
,,,-00.000000060200,  -0.04000,
,,,-00.000000060000,  -0.04000,
,,,-00.000000059800,  -0.04000,
,,,-00.000000059600,  -0.04000,
,,,-00.000000059400,  -0.04000,
,,,-00.000000059200,  -0.08000,
,,,-00.000000059000,  -0.08000,
,,,-00.000000058800,  -0.08000,
,,,-00.000000058600,  -0.08000,
,,,-00.000000058400,  -0.08000,
,,,-00.000000058200,  -0.08000,
,,,-00.000000058000,  -0.08000,
,,,-00.000000057800,  -0.08000,
,,,-00.000000057600,  -0.08000,
,,,-00.000000057400,  -0.08000,
,,,-00.000000057200,  -0.08000,
,,,-00.000000057000,  -0.08000,
,,,-00.000000056800,  -0.04000,
,,,-00.000000056600,  -0.04000,
,,,-00.000000056400,  -0.04000,
,,,-00.000000056200,  -0.04000,
,,,-00.000000056000,  -0.04000,
,,,-00.000000055800,  -0.04000,
,,,-00.000000055600,  -0.04000,
,,,-00.000000055400,  -0.04000,
,,,-00.000000055200,  -0.04000,
,,,-00.000000055000,  -0.04000,
,,,-00.000000054800,  -0.04000,
,,,-00.000000054600,  -0.04000,
,,,-00.000000054400,  -0.04000,
,,,-00.000000054200,  -0.04000,
,,,-00.000000054000,  -0.04000,
,,,-00.000000053800,  -0.04000,
,,,-00.000000053600,  -0.04000,
,,,-00.000000053400,  -0.04000,
,,,-00.000000053200,  -0.04000,
,,,-00.000000053000,  -0.04000,
,,,-00.000000052800,  -0.08000,
,,,-00.000000052600,  -0.08000,
,,,-00.000000052400,  -0.08000,
,,,-00.000000052200,  -0.08000,
,,,-00.000000052000,  -0.08000,
,,,-00.000000051800,  -0.08000,
,,,-00.000000051600,  -0.08000,
,,,-00.000000051400,  -0.08000,
,,,-00.000000051200,  -0.08000,
,,,-00.000000051000,  -0.08000,
,,,-00.000000050800,  -0.08000,
,,,-00.000000050600,  -0.08000,
,,,-00.000000050400,  -0.08000,
,,,-00.000000050200,  -0.08000,
,,,-00.000000050000,  -0.08000,
,,,-00.000000049800,  -0.08000,
,,,-00.000000049600,  -0.08000,
,,,-00.000000049400,  -0.08000,
,,,-00.000000049200,  -0.08000,
,,,-00.000000049000,  -0.08000,
,,,-00.000000048800,  -0.08000,
,,,-00.000000048600,  -0.08000,
,,,-00.000000048400,  -0.04000,
,,,-00.000000048200,  -0.08000,
,,,-00.000000048000,  -0.08000,
,,,-00.000000047800,  -0.08000,
,,,-00.000000047600,  -0.08000,
,,,-00.000000047400,  -0.04000,
,,,-00.000000047200,  -0.04000,
,,,-00.000000047000,  -0.04000,
,,,-00.000000046800,  -0.08000,
,,,-00.000000046600,  -0.08000,
,,,-00.000000046400,  -0.08000,
,,,-00.000000046200,  -0.08000,
,,,-00.000000046000,  -0.08000,
,,,-00.000000045800,  -0.08000,
,,,-00.000000045600,  -0.08000,
,,,-00.000000045400,  -0.08000,
,,,-00.000000045200,  -0.12000,
,,,-00.000000045000,  -0.12000,
,,,-00.000000044800,  -0.16000,
,,,-00.000000044600,  -0.16000,
,,,-00.000000044400,  -0.12000,
,,,-00.000000044200,  -0.12000,
,,,-00.000000044000,  -0.08000,
,,,-00.000000043800,  -0.04000,
,,,-00.000000043600,  -0.08000,
,,,-00.000000043400,  -0.08000,
,,,-00.000000043200,  -0.08000,
,,,-00.000000043000,  -0.08000,
,,,-00.000000042800,  -0.04000,
,,,-00.000000042600,  -0.08000,
,,,-00.000000042400,  -0.08000,
,,,-00.000000042200,  -0.12000,
,,,-00.000000042000,  -0.12000,
,,,-00.000000041800,  -0.12000,
,,,-00.000000041600,  -0.16000,
,,,-00.000000041400,  -0.12000,
,,,-00.000000041200,  -0.12000,
,,,-00.000000041000,  -0.12000,
,,,-00.000000040800,  -0.08000,
,,,-00.000000040600,  -0.08000,
,,,-00.000000040400,  -0.08000,
,,,-00.000000040200,  -0.08000,
,,,-00.000000040000,  -0.08000,
,,,-00.000000039800,  -0.04000,
,,,-00.000000039600,  -0.04000,
,,,-00.000000039400,  -0.04000,
,,,-00.000000039200,  -0.04000,
,,,-00.000000039000,  -0.04000,
,,,-00.000000038800,  -0.04000,
,,,-00.000000038600,  -0.04000,
,,,-00.000000038400,  -0.04000,
,,,-00.000000038200,  -0.04000,
,,,-00.000000038000,   0.00000,
,,,-00.000000037800,  -0.04000,
,,,-00.000000037600,  -0.08000,
,,,-00.000000037400,  -0.08000,
,,,-00.000000037200,  -0.12000,
,,,-00.000000037000,  -0.12000,
,,,-00.000000036800,  -0.08000,
,,,-00.000000036600,  -0.08000,
,,,-00.000000036400,  -0.04000,
,,,-00.000000036200,  -0.08000,
,,,-00.000000036000,  -0.08000,
,,,-00.000000035800,  -0.08000,
,,,-00.000000035600,  -0.08000,
,,,-00.000000035400,  -0.08000,
,,,-00.000000035200,  -0.12000,
,,,-00.000000035000,  -0.12000,
,,,-00.000000034800,  -0.12000,
,,,-00.000000034600,  -0.16000,
,,,-00.000000034400,  -0.12000,
,,,-00.000000034200,  -0.12000,
,,,-00.000000034000,  -0.12000,
,,,-00.000000033800,  -0.08000,
,,,-00.000000033600,  -0.08000,
,,,-00.000000033400,  -0.08000,
,,,-00.000000033200,  -0.12000,
,,,-00.000000033000,  -0.12000,
,,,-00.000000032800,  -0.12000,
,,,-00.000000032600,  -0.12000,
,,,-00.000000032400,  -0.08000,
,,,-00.000000032200,  -0.08000,
,,,-00.000000032000,  -0.08000,
,,,-00.000000031800,  -0.04000,
,,,-00.000000031600,  -0.04000,
,,,-00.000000031400,  -0.04000,
,,,-00.000000031200,  -0.08000,
,,,-00.000000031000,  -0.08000,
,,,-00.000000030800,  -0.08000,
,,,-00.000000030600,  -0.08000,
,,,-00.000000030400,  -0.04000,
,,,-00.000000030200,  -0.04000,
,,,-00.000000030000,  -0.04000,
,,,-00.000000029800,  -0.08000,
,,,-00.000000029600,  -0.08000,
,,,-00.000000029400,  -0.08000,
,,,-00.000000029200,  -0.08000,
,,,-00.000000029000,  -0.08000,
,,,-00.000000028800,  -0.08000,
,,,-00.000000028600,  -0.08000,
,,,-00.000000028400,  -0.08000,
,,,-00.000000028200,  -0.08000,
,,,-00.000000028000,  -0.08000,
,,,-00.000000027800,  -0.08000,
,,,-00.000000027600,  -0.08000,
,,,-00.000000027400,  -0.08000,
,,,-00.000000027200,  -0.08000,
,,,-00.000000027000,  -0.08000,
,,,-00.000000026800,  -0.08000,
,,,-00.000000026600,  -0.08000,
,,,-00.000000026400,  -0.08000,
,,,-00.000000026200,  -0.12000,
,,,-00.000000026000,  -0.08000,
,,,-00.000000025800,  -0.08000,
,,,-00.000000025600,  -0.08000,
,,,-00.000000025400,  -0.04000,
,,,-00.000000025200,  -0.04000,
,,,-00.000000025000,  -0.04000,
,,,-00.000000024800,  -0.08000,
,,,-00.000000024600,  -0.08000,
,,,-00.000000024400,  -0.08000,
,,,-00.000000024200,  -0.12000,
,,,-00.000000024000,  -0.08000,
,,,-00.000000023800,  -0.08000,
,,,-00.000000023600,  -0.08000,
,,,-00.000000023400,  -0.04000,
,,,-00.000000023200,  -0.04000,
,,,-00.000000023000,  -0.04000,
,,,-00.000000022800,  -0.08000,
,,,-00.000000022600,  -0.08000,
,,,-00.000000022400,  -0.08000,
,,,-00.000000022200,  -0.08000,
,,,-00.000000022000,  -0.04000,
,,,-00.000000021800,   0.00000,
,,,-00.000000021600,   0.00000,
,,,-00.000000021400,   0.04000,
,,,-00.000000021200,   0.00000,
,,,-00.000000021000,   0.00000,
,,,-00.000000020800,  -0.04000,
,,,-00.000000020600,  -0.04000,
,,,-00.000000020400,  -0.04000,
,,,-00.000000020200,  -0.08000,
,,,-00.000000020000,  -0.08000,
,,,-00.000000019800,  -0.08000,
,,,-00.000000019600,  -0.08000,
,,,-00.000000019400,  -0.04000,
,,,-00.000000019200,  -0.04000,
,,,-00.000000019000,  -0.04000,
,,,-00.000000018800,  -0.08000,
,,,-00.000000018600,  -0.08000,
,,,-00.000000018400,  -0.08000,
,,,-00.000000018200,  -0.08000,
,,,-00.000000018000,  -0.08000,
,,,-00.000000017800,  -0.04000,
,,,-00.000000017600,  -0.08000,
,,,-00.000000017400,  -0.08000,
,,,-00.000000017200,  -0.12000,
,,,-00.000000017000,  -0.12000,
,,,-00.000000016800,  -0.12000,
,,,-00.000000016600,  -0.08000,
,,,-00.000000016400,  -0.04000,
,,,-00.000000016200,  -0.04000,
,,,-00.000000016000,   0.00000,
,,,-00.000000015800,   0.00000,
,,,-00.000000015600,  -0.04000,
,,,-00.000000015400,  -0.04000,
,,,-00.000000015200,  -0.08000,
,,,-00.000000015000,  -0.08000,
,,,-00.000000014800,  -0.08000,
,,,-00.000000014600,  -0.04000,
,,,-00.000000014400,   0.00000,
,,,-00.000000014200,  -0.04000,
,,,-00.000000014000,  -0.04000,
,,,-00.000000013800,  -0.08000,
,,,-00.000000013600,  -0.08000,
,,,-00.000000013400,  -0.08000,
,,,-00.000000013200,  -0.08000,
,,,-00.000000013000,  -0.08000,
,,,-00.000000012800,  -0.08000,
,,,-00.000000012600,  -0.08000,
,,,-00.000000012400,  -0.08000,
,,,-00.000000012200,  -0.08000,
,,,-00.000000012000,  -0.08000,
,,,-00.000000011800,  -0.04000,
,,,-00.000000011600,  -0.04000,
,,,-00.000000011400,  -0.04000,
,,,-00.000000011200,  -0.08000,
,,,-00.000000011000,  -0.08000,
,,,-00.000000010800,  -0.08000,
,,,-00.000000010600,  -0.12000,
,,,-00.000000010400,  -0.08000,
,,,-00.000000010200,  -0.08000,
,,,-00.000000010000,  -0.08000,
,,,-00.000000009800,  -0.08000,
,,,-00.000000009600,  -0.08000,
,,,-00.000000009400,  -0.08000,
,,,-00.000000009200,  -0.12000,
,,,-00.000000009000,  -0.08000,
,,,-00.000000008800,  -0.08000,
,,,-00.000000008600,  -0.08000,
,,,-00.000000008400,  -0.04000,
,,,-00.000000008200,  -0.08000,
,,,-00.000000008000,  -0.08000,
,,,-00.000000007800,  -0.08000,
,,,-00.000000007600,  -0.12000,
,,,-00.000000007400,  -0.08000,
,,,-00.000000007200,  -0.08000,
,,,-00.000000007000,  -0.08000,
,,,-00.000000006800,  -0.04000,
,,,-00.000000006600,  -0.04000,
,,,-00.000000006400,   0.00000,
,,,-00.000000006200,   0.00000,
,,,-00.000000006000,   0.00000,
,,,-00.000000005800,  -0.04000,
,,,-00.000000005600,  -0.04000,
,,,-00.000000005400,  -0.04000,
,,,-00.000000005200,  -0.08000,
,,,-00.000000005000,  -0.04000,
,,,-00.000000004800,  -0.04000,
,,,-00.000000004600,  -0.04000,
,,,-00.000000004400,   0.00000,
,,,-00.000000004200,   0.00000,
,,,-00.000000004000,   0.00000,
,,,-00.000000003800,  -0.04000,
,,,-00.000000003600,  -0.04000,
,,,-00.000000003400,  -0.04000,
,,,-00.000000003200,  -0.04000,
,,,-00.000000003000,  -0.04000,
,,,-00.000000002800,  -0.04000,
,,,-00.000000002600,  -0.04000,
,,,-00.000000002400,  -0.04000,
,,,-00.000000002200,  -0.04000,
,,,-00.000000002000,  -0.04000,
,,,-00.000000001800,   0.00000,
,,,-00.000000001600,   0.00000,
,,,-00.000000001400,   0.00000,
,,,-00.000000001200,   0.00000,
,,,-00.000000001000,   0.00000,
,,,-00.000000000800,   0.00000,
,,,-00.000000000600,   0.00000,
,,,-00.000000000400,   0.04000,
,,,-00.000000000200,   0.04000,
,,,-00.000000000000,   0.04000,
,,,00.000000000200,   0.08000,
,,,00.000000000400,   0.08000,
,,,00.000000000600,   0.12000,
,,,00.000000000800,   0.16000,
,,,00.000000001000,   0.20000,
,,,00.000000001200,   0.24000,
,,,00.000000001400,   0.28000,
,,,00.000000001600,   0.36000,
,,,00.000000001800,   0.44000,
,,,00.000000002000,   0.52000,
,,,00.000000002200,   0.56000,
,,,00.000000002400,   0.64000,
,,,00.000000002600,   0.72000,
,,,00.000000002800,   0.76000,
,,,00.000000003000,   0.88000,
,,,00.000000003200,   0.96000,
,,,00.000000003400,   1.04000,
,,,00.000000003600,   1.16000,
,,,00.000000003800,   1.24000,
,,,00.000000004000,   1.36000,
,,,00.000000004200,   1.48000,
,,,00.000000004400,   1.60000,
,,,00.000000004600,   1.72000,
,,,00.000000004800,   1.84000,
,,,00.000000005000,   1.96000,
,,,00.000000005200,   2.08000,
,,,00.000000005400,   2.20000,
,,,00.000000005600,   2.32000,
,,,00.000000005800,   2.40000,
,,,00.000000006000,   2.48000,
,,,00.000000006200,   2.60000,
,,,00.000000006400,   2.72000,
,,,00.000000006600,   2.84000,
,,,00.000000006800,   2.92000,
,,,00.000000007000,   3.04000,
,,,00.000000007200,   3.16000,
,,,00.000000007400,   3.28000,
,,,00.000000007600,   3.44000,
,,,00.000000007800,   3.56000,
,,,00.000000008000,   3.64000,
,,,00.000000008200,   3.76000,
,,,00.000000008400,   3.84000,
,,,00.000000008600,   3.92000,
,,,00.000000008800,   4.00000,
,,,00.000000009000,   4.08000,
,,,00.000000009200,   4.16000,
,,,00.000000009400,   4.24000,
,,,00.000000009600,   4.36000,
,,,00.000000009800,   4.44000,
,,,00.000000010000,   4.52000,
,,,00.000000010200,   4.60000,
,,,00.000000010400,   4.68000,
,,,00.000000010600,   4.76000,
,,,00.000000010800,   4.80000,
,,,00.000000011000,   4.88000,
,,,00.000000011200,   4.92000,
,,,00.000000011400,   5.00000,
,,,00.000000011600,   5.04000,
,,,00.000000011800,   5.04000,
,,,00.000000012000,   5.08000,
,,,00.000000012200,   5.12000,
,,,00.000000012400,   5.16000,
,,,00.000000012600,   5.20000,
,,,00.000000012800,   5.24000,
,,,00.000000013000,   5.24000,
,,,00.000000013200,   5.28000,
,,,00.000000013400,   5.28000,
,,,00.000000013600,   5.28000,
,,,00.000000013800,   5.28000,
,,,00.000000014000,   5.28000,
,,,00.000000014200,   5.32000,
,,,00.000000014400,   5.32000,
,,,00.000000014600,   5.32000,
,,,00.000000014800,   5.32000,
,,,00.000000015000,   5.32000,
,,,00.000000015200,   5.32000,
,,,00.000000015400,   5.32000,
,,,00.000000015600,   5.32000,
,,,00.000000015800,   5.32000,
,,,00.000000016000,   5.32000,
,,,00.000000016200,   5.32000,
,,,00.000000016400,   5.32000,
,,,00.000000016600,   5.36000,
,,,00.000000016800,   5.36000,
,,,00.000000017000,   5.36000,
,,,00.000000017200,   5.32000,
,,,00.000000017400,   5.32000,
,,,00.000000017600,   5.32000,
,,,00.000000017800,   5.32000,
,,,00.000000018000,   5.32000,
,,,00.000000018200,   5.32000,
,,,00.000000018400,   5.32000,
,,,00.000000018600,   5.32000,
,,,00.000000018800,   5.28000,
,,,00.000000019000,   5.28000,
,,,00.000000019200,   5.28000,
,,,00.000000019400,   5.24000,
,,,00.000000019600,   5.28000,
,,,00.000000019800,   5.28000,
,,,00.000000020000,   5.28000,
,,,00.000000020200,   5.32000,
,,,00.000000020400,   5.32000,
,,,00.000000020600,   5.32000,
,,,00.000000020800,   5.32000,
,,,00.000000021000,   5.32000,
,,,00.000000021200,   5.32000,
,,,00.000000021400,   5.32000,
,,,00.000000021600,   5.32000,
,,,00.000000021800,   5.32000,
,,,00.000000022000,   5.32000,
,,,00.000000022200,   5.36000,
,,,00.000000022400,   5.36000,
,,,00.000000022600,   5.36000,
,,,00.000000022800,   5.32000,
,,,00.000000023000,   5.32000,
,,,00.000000023200,   5.32000,
,,,00.000000023400,   5.28000,
,,,00.000000023600,   5.32000,
,,,00.000000023800,   5.32000,
,,,00.000000024000,   5.32000,
,,,00.000000024200,   5.36000,
,,,00.000000024400,   5.36000,
,,,00.000000024600,   5.36000,
,,,00.000000024800,   5.32000,
,,,00.000000025000,   5.32000,
,,,00.000000025200,   5.32000,
,,,00.000000025400,   5.28000,
,,,00.000000025600,   5.32000,
,,,00.000000025800,   5.32000,
,,,00.000000026000,   5.32000,
,,,00.000000026200,   5.36000,
,,,00.000000026400,   5.36000,
,,,00.000000026600,   5.36000,
,,,00.000000026800,   5.32000,
,,,00.000000027000,   5.32000,
,,,00.000000027200,   5.32000,
,,,00.000000027400,   5.32000,
,,,00.000000027600,   5.36000,
,,,00.000000027800,   5.32000,
,,,00.000000028000,   5.32000,
,,,00.000000028200,   5.32000,
,,,00.000000028400,   5.32000,
,,,00.000000028600,   5.36000,
,,,00.000000028800,   5.36000,
,,,00.000000029000,   5.40000,
,,,00.000000029200,   5.36000,
,,,00.000000029400,   5.32000,
,,,00.000000029600,   5.32000,
,,,00.000000029800,   5.32000,
,,,00.000000030000,   5.32000,
,,,00.000000030200,   5.36000,
,,,00.000000030400,   5.36000,
,,,00.000000030600,   5.36000,
,,,00.000000030800,   5.32000,
,,,00.000000031000,   5.32000,
,,,00.000000031200,   5.32000,
,,,00.000000031400,   5.32000,
,,,00.000000031600,   5.36000,
,,,00.000000031800,   5.36000,
,,,00.000000032000,   5.36000,
,,,00.000000032200,   5.36000,
,,,00.000000032400,   5.36000,
,,,00.000000032600,   5.36000,
,,,00.000000032800,   5.36000,
,,,00.000000033000,   5.36000,
,,,00.000000033200,   5.36000,
,,,00.000000033400,   5.36000,
,,,00.000000033600,   5.36000,
,,,00.000000033800,   5.32000,
,,,00.000000034000,   5.32000,
,,,00.000000034200,   5.32000,
,,,00.000000034400,   5.32000,
,,,00.000000034600,   5.36000,
,,,00.000000034800,   5.32000,
,,,00.000000035000,   5.32000,
,,,00.000000035200,   5.32000,
,,,00.000000035400,   5.32000,
,,,00.000000035600,   5.36000,
,,,00.000000035800,   5.32000,
,,,00.000000036000,   5.32000,
,,,00.000000036200,   5.32000,
,,,00.000000036400,   5.28000,
,,,00.000000036600,   5.32000,
,,,00.000000036800,   5.32000,
,,,00.000000037000,   5.32000,
,,,00.000000037200,   5.36000,
,,,00.000000037400,   5.36000,
,,,00.000000037600,   5.36000,
,,,00.000000037800,   5.32000,
,,,00.000000038000,   5.32000,
,,,00.000000038200,   5.32000,
,,,00.000000038400,   5.32000,
,,,00.000000038600,   5.32000,
,,,00.000000038800,   5.32000,
,,,00.000000039000,   5.32000,
,,,00.000000039200,   5.28000,
,,,00.000000039400,   5.28000,
,,,00.000000039600,   5.28000,
,,,00.000000039800,   5.28000,
,,,00.000000040000,   5.28000,
,,,00.000000040200,   5.32000,
,,,00.000000040400,   5.32000,
,,,00.000000040600,   5.36000,
,,,00.000000040800,   5.32000,
,,,00.000000041000,   5.32000,
,,,00.000000041200,   5.32000,
,,,00.000000041400,   5.32000,
,,,00.000000041600,   5.36000,
,,,00.000000041800,   5.36000,
,,,00.000000042000,   5.36000,
,,,00.000000042200,   5.32000,
,,,00.000000042400,   5.32000,
,,,00.000000042600,   5.32000,
,,,00.000000042800,   5.32000,
,,,00.000000043000,   5.32000,
,,,00.000000043200,   5.36000,
,,,00.000000043400,   5.36000,
,,,00.000000043600,   5.36000,
,,,00.000000043800,   5.32000,
,,,00.000000044000,   5.32000,
,,,00.000000044200,   5.28000,
,,,00.000000044400,   5.28000,
,,,00.000000044600,   5.32000,
,,,00.000000044800,   5.32000,
,,,00.000000045000,   5.36000,
,,,00.000000045200,   5.40000,
,,,00.000000045400,   5.36000,
,,,00.000000045600,   5.36000,
,,,00.000000045800,   5.36000,
,,,00.000000046000,   5.36000,
,,,00.000000046200,   5.36000,
,,,00.000000046400,   5.36000,
,,,00.000000046600,   5.36000,
,,,00.000000046800,   5.36000,
,,,00.000000047000,   5.36000,
,,,00.000000047200,   5.40000,
,,,00.000000047400,   5.36000,
,,,00.000000047600,   5.36000,
,,,00.000000047800,   5.32000,
,,,00.000000048000,   5.32000,
,,,00.000000048200,   5.32000,
,,,00.000000048400,   5.28000,
,,,00.000000048600,   5.32000,
,,,00.000000048800,   5.32000,
,,,00.000000049000,   5.32000,
,,,00.000000049200,   5.36000,
,,,00.000000049400,   5.36000,
,,,00.000000049600,   5.36000,
,,,00.000000049800,   5.36000,
,,,00.000000050000,   5.36000,
,,,00.000000050200,   5.36000,
,,,00.000000050400,   5.36000,
,,,00.000000050600,   5.36000,
,,,00.000000050800,   5.36000,
,,,00.000000051000,   5.36000,
,,,00.000000051200,   5.32000,
,,,00.000000051400,   5.32000,
,,,00.000000051600,   5.32000,
,,,00.000000051800,   5.32000,
,,,00.000000052000,   5.32000,
,,,00.000000052200,   5.32000,
,,,00.000000052400,   5.32000,
,,,00.000000052600,   5.32000,
,,,00.000000052800,   5.32000,
,,,00.000000053000,   5.32000,
,,,00.000000053200,   5.36000,
,,,00.000000053400,   5.36000,
,,,00.000000053600,   5.36000,
,,,00.000000053800,   5.32000,
,,,00.000000054000,   5.32000,
,,,00.000000054200,   5.32000,
,,,00.000000054400,   5.32000,
,,,00.000000054600,   5.36000,
,,,00.000000054800,   5.36000,
,,,00.000000055000,   5.40000,
,,,00.000000055200,   5.36000,
,,,00.000000055400,   5.36000,
,,,00.000000055600,   5.36000,
,,,00.000000055800,   5.36000,
,,,00.000000056000,   5.36000,
,,,00.000000056200,   5.36000,
,,,00.000000056400,   5.36000,
,,,00.000000056600,   5.36000,
,,,00.000000056800,   5.32000,
,,,00.000000057000,   5.36000,
,,,00.000000057200,   5.36000,
,,,00.000000057400,   5.36000,
,,,00.000000057600,   5.40000,
,,,00.000000057800,   5.40000,
,,,00.000000058000,   5.40000,
,,,00.000000058200,   5.40000,
,,,00.000000058400,   5.40000,
,,,00.000000058600,   5.40000,
,,,00.000000058800,   5.40000,
,,,00.000000059000,   5.40000,
,,,00.000000059200,   5.40000,
,,,00.000000059400,   5.40000,
,,,00.000000059600,   5.40000,
,,,00.000000059800,   5.40000,
,,,00.000000060000,   5.40000,
,,,00.000000060200,   5.36000,
,,,00.000000060400,   5.36000,
,,,00.000000060600,   5.36000,
,,,00.000000060800,   5.36000,
,,,00.000000061000,   5.36000,
,,,00.000000061200,   5.36000,
,,,00.000000061400,   5.36000,
,,,00.000000061600,   5.36000,
,,,00.000000061800,   5.36000,
,,,00.000000062000,   5.36000,
,,,00.000000062200,   5.40000,
,,,00.000000062400,   5.40000,
,,,00.000000062600,   5.40000,
,,,00.000000062800,   5.36000,
,,,00.000000063000,   5.36000,
,,,00.000000063200,   5.36000,
,,,00.000000063400,   5.36000,
,,,00.000000063600,   5.40000,
,,,00.000000063800,   5.36000,
,,,00.000000064000,   5.36000,
,,,00.000000064200,   5.36000,
,,,00.000000064400,   5.32000,
,,,00.000000064600,   5.36000,
,,,00.000000064800,   5.36000,
,,,00.000000065000,   5.36000,
,,,00.000000065200,   5.40000,
,,,00.000000065400,   5.40000,
,,,00.000000065600,   5.40000,
,,,00.000000065800,   5.36000,
,,,00.000000066000,   5.36000,
,,,00.000000066200,   5.36000,
,,,00.000000066400,   5.32000,
,,,00.000000066600,   5.36000,
,,,00.000000066800,   5.36000,
,,,00.000000067000,   5.36000,
,,,00.000000067200,   5.40000,
,,,00.000000067400,   5.40000,
,,,00.000000067600,   5.40000,
,,,00.000000067800,   5.40000,
,,,00.000000068000,   5.40000,
,,,00.000000068200,   5.36000,
,,,00.000000068400,   5.36000,
,,,00.000000068600,   5.36000,
,,,00.000000068800,   5.32000,
,,,00.000000069000,   5.36000,
,,,00.000000069200,   5.36000,
,,,00.000000069400,   5.36000,
,,,00.000000069600,   5.40000,
,,,00.000000069800,   5.40000,
,,,00.000000070000,   5.40000,
,,,00.000000070200,   5.36000,
,,,00.000000070400,   5.36000,
,,,00.000000070600,   5.36000,
,,,00.000000070800,   5.36000,
,,,00.000000071000,   5.36000,
,,,00.000000071200,   5.40000,
,,,00.000000071400,   5.40000,
,,,00.000000071600,   5.44000,
,,,00.000000071800,   5.40000,
,,,00.000000072000,   5.40000,
,,,00.000000072200,   5.36000,
,,,00.000000072400,   5.36000,
,,,00.000000072600,   5.36000,
,,,00.000000072800,   5.36000,
,,,00.000000073000,   5.36000,
,,,00.000000073200,   5.40000,
,,,00.000000073400,   5.40000,
,,,00.000000073600,   5.40000,
,,,00.000000073800,   5.40000,
,,,00.000000074000,   5.40000,
,,,00.000000074200,   5.44000,
,,,00.000000074400,   5.44000,
,,,00.000000074600,   5.44000,
,,,00.000000074800,   5.40000,
,,,00.000000075000,   5.40000,
,,,00.000000075200,   5.40000,
,,,00.000000075400,   5.40000,
,,,00.000000075600,   5.44000,
,,,00.000000075800,   5.40000,
,,,00.000000076000,   5.40000,
,,,00.000000076200,   5.40000,
,,,00.000000076400,   5.36000,
,,,00.000000076600,   5.40000,
,,,00.000000076800,   5.40000,
,,,00.000000077000,   5.40000,
,,,00.000000077200,   5.44000,
,,,00.000000077400,   5.44000,
,,,00.000000077600,   5.44000,
,,,00.000000077800,   5.40000,
,,,00.000000078000,   5.36000,
,,,00.000000078200,   5.36000,
,,,00.000000078400,   5.36000,
,,,00.000000078600,   5.40000,
,,,00.000000078800,   5.40000,
,,,00.000000079000,   5.40000,
,,,00.000000079200,   5.40000,
,,,00.000000079400,   5.40000,
,,,00.000000079600,   5.40000,
,,,00.000000079800,   5.36000,
,,,00.000000080000,   5.36000,
,,,00.000000080200,   5.36000,
,,,00.000000080400,   5.32000,
,,,00.000000080600,   5.36000,
,,,00.000000080800,   5.36000,
,,,00.000000081000,   5.36000,
,,,00.000000081200,   5.40000,
,,,00.000000081400,   5.40000,
,,,00.000000081600,   5.40000,
,,,00.000000081800,   5.40000,
,,,00.000000082000,   5.40000,
,,,00.000000082200,   5.40000,
,,,00.000000082400,   5.40000,
,,,00.000000082600,   5.40000,
,,,00.000000082800,   5.40000,
,,,00.000000083000,   5.40000,
,,,00.000000083200,   5.40000,
,,,00.000000083400,   5.40000,
,,,00.000000083600,   5.40000,
,,,00.000000083800,   5.40000,
,,,00.000000084000,   5.40000,
,,,00.000000084200,   5.40000,
,,,00.000000084400,   5.40000,
,,,00.000000084600,   5.40000,
,,,00.000000084800,   5.40000,
,,,00.000000085000,   5.40000,
,,,00.000000085200,   5.36000,
,,,00.000000085400,   5.36000,
,,,00.000000085600,   5.36000,
,,,00.000000085800,   5.36000,
,,,00.000000086000,   5.36000,
,,,00.000000086200,   5.40000,
,,,00.000000086400,   5.40000,
,,,00.000000086600,   5.40000,
,,,00.000000086800,   5.36000,
,,,00.000000087000,   5.36000,
,,,00.000000087200,   5.36000,
,,,00.000000087400,   5.36000,
,,,00.000000087600,   5.36000,
,,,00.000000087800,   5.36000,
,,,00.000000088000,   5.36000,
,,,00.000000088200,   5.36000,
,,,00.000000088400,   5.36000,
,,,00.000000088600,   5.36000,
,,,00.000000088800,   5.36000,
,,,00.000000089000,   5.36000,
,,,00.000000089200,   5.36000,
,,,00.000000089400,   5.36000,
,,,00.000000089600,   5.40000,
,,,00.000000089800,   5.36000,
,,,00.000000090000,   5.36000,
,,,00.000000090200,   5.36000,
,,,00.000000090400,   5.32000,
,,,00.000000090600,   5.36000,
,,,00.000000090800,   5.36000,
,,,00.000000091000,   5.36000,
,,,00.000000091200,   5.40000,
,,,00.000000091400,   5.40000,
,,,00.000000091600,   5.40000,
,,,00.000000091800,   5.36000,
,,,00.000000092000,   5.36000,
,,,00.000000092200,   5.36000,
,,,00.000000092400,   5.36000,
,,,00.000000092600,   5.36000,
,,,00.000000092800,   5.36000,
,,,00.000000093000,   5.36000,
,,,00.000000093200,   5.36000,
,,,00.000000093400,   5.36000,
,,,00.000000093600,   5.36000,
,,,00.000000093800,   5.36000,
,,,00.000000094000,   5.36000,
,,,00.000000094200,   5.36000,
,,,00.000000094400,   5.36000,
,,,00.000000094600,   5.36000,
,,,00.000000094800,   5.36000,
,,,00.000000095000,   5.36000,
,,,00.000000095200,   5.40000,
,,,00.000000095400,   5.40000,
,,,00.000000095600,   5.40000,
,,,00.000000095800,   5.40000,
,,,00.000000096000,   5.40000,
,,,00.000000096200,   5.40000,
,,,00.000000096400,   5.40000,
,,,00.000000096600,   5.40000,
,,,00.000000096800,   5.40000,
,,,00.000000097000,   5.40000,
,,,00.000000097200,   5.40000,
,,,00.000000097400,   5.40000,
,,,00.000000097600,   5.40000,
,,,00.000000097800,   5.36000,
,,,00.000000098000,   5.36000,
,,,00.000000098200,   5.36000,
,,,00.000000098400,   5.36000,
,,,00.000000098600,   5.40000,
,,,00.000000098800,   5.36000,
,,,00.000000099000,   5.36000,
,,,00.000000099200,   5.36000,
,,,00.000000099400,   5.36000,
,,,00.000000099600,   5.40000,
,,,00.000000099800,   5.36000,
,,,00.000000100000,   5.36000,
,,,00.000000100200,   5.36000,
,,,00.000000100400,   5.36000,
,,,00.000000100600,   5.36000,
,,,00.000000100800,   5.32000,
,,,00.000000101000,   5.32000,
,,,00.000000101200,   5.32000,
,,,00.000000101400,   5.32000,
,,,00.000000101600,   5.36000,
,,,00.000000101800,   5.36000,
,,,00.000000102000,   5.36000,
,,,00.000000102200,   5.32000,
,,,00.000000102400,   5.32000,
,,,00.000000102600,   5.32000,
,,,00.000000102800,   5.32000,
,,,00.000000103000,   5.32000,
,,,00.000000103200,   5.28000,
,,,00.000000103400,   5.28000,
,,,00.000000103600,   5.28000,
,,,00.000000103800,   5.24000,
,,,00.000000104000,   5.24000,
,,,00.000000104200,   5.20000,
,,,00.000000104400,   5.20000,
,,,00.000000104600,   5.20000,
,,,00.000000104800,   5.16000,
,,,00.000000105000,   5.16000,
,,,00.000000105200,   5.12000,
,,,00.000000105400,   5.12000,
,,,00.000000105600,   5.12000,
,,,00.000000105800,   5.08000,
,,,00.000000106000,   5.08000,
,,,00.000000106200,   5.04000,
,,,00.000000106400,   5.00000,
,,,00.000000106600,   5.00000,
,,,00.000000106800,   4.96000,
,,,00.000000107000,   5.00000,
,,,00.000000107200,   5.00000,
,,,00.000000107400,   5.00000,
,,,00.000000107600,   5.00000,
,,,00.000000107800,   4.92000,
,,,00.000000108000,   4.88000,
,,,00.000000108200,   4.84000,
,,,00.000000108400,   4.84000,
,,,00.000000108600,   4.84000,
,,,00.000000108800,   4.80000,
,,,00.000000109000,   4.80000,
,,,00.000000109200,   4.76000,
,,,00.000000109400,   4.72000,
,,,00.000000109600,   4.68000,
,,,00.000000109800,   4.64000,
,,,00.000000110000,   4.64000,
,,,00.000000110200,   4.64000,
,,,00.000000110400,   4.64000,
,,,00.000000110600,   4.68000,
,,,00.000000110800,   4.64000,
,,,00.000000111000,   4.60000,
,,,00.000000111200,   4.60000,
,,,00.000000111400,   4.60000,
,,,00.000000111600,   4.60000,
,,,00.000000111800,   4.56000,
,,,00.000000112000,   4.56000,
,,,00.000000112200,   4.52000,
,,,00.000000112400,   4.48000,
,,,00.000000112600,   4.48000,
,,,00.000000112800,   4.44000,
,,,00.000000113000,   4.44000,
,,,00.000000113200,   4.44000,
,,,00.000000113400,   4.44000,
,,,00.000000113600,   4.48000,
,,,00.000000113800,   4.44000,
,,,00.000000114000,   4.44000,
,,,00.000000114200,   4.44000,
,,,00.000000114400,   4.44000,
,,,00.000000114600,   4.44000,
,,,00.000000114800,   4.40000,
,,,00.000000115000,   4.40000,
,,,00.000000115200,   4.36000,
,,,00.000000115400,   4.36000,
,,,00.000000115600,   4.36000,
,,,00.000000115800,   4.32000,
,,,00.000000116000,   4.36000,
,,,00.000000116200,   4.36000,
,,,00.000000116400,   4.36000,
,,,00.000000116600,   4.40000,
,,,00.000000116800,   4.40000,
,,,00.000000117000,   4.40000,
,,,00.000000117200,   4.36000,
,,,00.000000117400,   4.36000,
,,,00.000000117600,   4.36000,
,,,00.000000117800,   4.36000,
,,,00.000000118000,   4.36000,
,,,00.000000118200,   4.36000,
,,,00.000000118400,   4.36000,
,,,00.000000118600,   4.36000,
,,,00.000000118800,   4.36000,
,,,00.000000119000,   4.36000,
,,,00.000000119200,   4.36000,
,,,00.000000119400,   4.36000,
,,,00.000000119600,   4.36000,
,,,00.000000119800,   4.36000,
,,,00.000000120000,   4.36000,
,,,00.000000120200,   4.32000,
,,,00.000000120400,   4.32000,
,,,00.000000120600,   4.32000,
,,,00.000000120800,   4.28000,
,,,00.000000121000,   4.32000,
,,,00.000000121200,   4.32000,
,,,00.000000121400,   4.32000,
,,,00.000000121600,   4.36000,
,,,00.000000121800,   4.36000,
,,,00.000000122000,   4.36000,
,,,00.000000122200,   4.32000,
,,,00.000000122400,   4.32000,
,,,00.000000122600,   4.32000,
,,,00.000000122800,   4.28000,
,,,00.000000123000,   4.28000,
,,,00.000000123200,   4.28000,
,,,00.000000123400,   4.28000,
,,,00.000000123600,   4.32000,
,,,00.000000123800,   4.28000,
,,,00.000000124000,   4.28000,
,,,00.000000124200,   4.28000,
,,,00.000000124400,   4.28000,
,,,00.000000124600,   4.32000,
,,,00.000000124800,   4.32000,
,,,00.000000125000,   4.32000,
,,,00.000000125200,   4.28000,
,,,00.000000125400,   4.28000,
,,,00.000000125600,   4.28000,
,,,00.000000125800,   4.24000,
,,,00.000000126000,   4.24000,
,,,00.000000126200,   4.24000,
,,,00.000000126400,   4.24000,
,,,00.000000126600,   4.28000,
,,,00.000000126800,   4.24000,
,,,00.000000127000,   4.24000,
,,,00.000000127200,   4.24000,
,,,00.000000127400,   4.24000,
,,,00.000000127600,   4.28000,
,,,00.000000127800,   4.24000,
,,,00.000000128000,   4.24000,
,,,00.000000128200,   4.24000,
,,,00.000000128400,   4.20000,
,,,00.000000128600,   4.24000,
,,,00.000000128800,   4.24000,
,,,00.000000129000,   4.24000,
,,,00.000000129200,   4.28000,
,,,00.000000129400,   4.28000,
,,,00.000000129600,   4.28000,
,,,00.000000129800,   4.24000,
,,,00.000000130000,   4.24000,
,,,00.000000130200,   4.24000,
,,,00.000000130400,   4.24000,
,,,00.000000130600,   4.28000,
,,,00.000000130800,   4.28000,
,,,00.000000131000,   4.28000,
,,,00.000000131200,   4.28000,
,,,00.000000131400,   4.28000,
,,,00.000000131600,   4.28000,
,,,00.000000131800,   4.28000,
,,,00.000000132000,   4.28000,
,,,00.000000132200,   4.32000,
,,,00.000000132400,   4.28000,
,,,00.000000132600,   4.28000,
,,,00.000000132800,   4.24000,
,,,00.000000133000,   4.24000,
,,,00.000000133200,   4.24000,
,,,00.000000133400,   4.24000,
,,,00.000000133600,   4.24000,
,,,00.000000133800,   4.20000,
,,,00.000000134000,   4.20000,
,,,00.000000134200,   4.20000,
,,,00.000000134400,   4.20000,
,,,00.000000134600,   4.24000,
,,,00.000000134800,   4.20000,
,,,00.000000135000,   4.20000,
,,,00.000000135200,   4.20000,
,,,00.000000135400,   4.20000,
,,,00.000000135600,   4.20000,
,,,00.000000135800,   4.16000,
,,,00.000000136000,   4.16000,
,,,00.000000136200,   4.16000,
,,,00.000000136400,   4.16000,
,,,00.000000136600,   4.20000,
,,,00.000000136800,   4.20000,
,,,00.000000137000,   4.24000,
,,,00.000000137200,   4.20000,
,,,00.000000137400,   4.20000,
,,,00.000000137600,   4.20000,
,,,00.000000137800,   4.20000,
,,,00.000000138000,   4.20000,
,,,00.000000138200,   4.20000,
,,,00.000000138400,   4.20000,
,,,00.000000138600,   4.20000,
,,,00.000000138800,   4.20000,
,,,00.000000139000,   4.20000,
,,,00.000000139200,   4.20000,
,,,00.000000139400,   4.20000,
,,,00.000000139600,   4.20000,
,,,00.000000139800,   4.20000,
,,,00.000000140000,   4.20000,
,,,00.000000140200,   4.24000,
,,,00.000000140400,   4.24000,
,,,00.000000140600,   4.24000,
,,,00.000000140800,   4.24000,
,,,00.000000141000,   4.24000,
,,,00.000000141200,   4.28000,
,,,00.000000141400,   4.24000,
,,,00.000000141600,   4.24000,
,,,00.000000141800,   4.20000,
,,,00.000000142000,   4.20000,
,,,00.000000142200,   4.20000,
,,,00.000000142400,   4.20000,
,,,00.000000142600,   4.24000,
,,,00.000000142800,   4.20000,
,,,00.000000143000,   4.20000,
,,,00.000000143200,   4.20000,
,,,00.000000143400,   4.16000,
,,,00.000000143600,   4.20000,
,,,00.000000143800,   4.20000,
,,,00.000000144000,   4.20000,
,,,00.000000144200,   4.24000,
,,,00.000000144400,   4.24000,
,,,00.000000144600,   4.24000,
,,,00.000000144800,   4.24000,
,,,00.000000145000,   4.24000,
,,,00.000000145200,   4.20000,
,,,00.000000145400,   4.20000,
,,,00.000000145600,   4.20000,
,,,00.000000145800,   4.20000,
,,,00.000000146000,   4.20000,
,,,00.000000146200,   4.16000,
,,,00.000000146400,   4.16000,
,,,00.000000146600,   4.16000,
,,,00.000000146800,   4.16000,
,,,00.000000147000,   4.16000,
,,,00.000000147200,   4.20000,
,,,00.000000147400,   4.20000,
,,,00.000000147600,   4.20000,
,,,00.000000147800,   4.20000,
,,,00.000000148000,   4.20000,
,,,00.000000148200,   4.20000,
,,,00.000000148400,   4.20000,
,,,00.000000148600,   4.20000,
,,,00.000000148800,   4.20000,
,,,00.000000149000,   4.20000,
,,,00.000000149200,   4.20000,
,,,00.000000149400,   4.20000,
,,,00.000000149600,   4.20000,
,,,00.000000149800,   4.20000,
,,,00.000000150000,   4.20000,
,,,00.000000150200,   4.20000,
,,,00.000000150400,   4.20000,
,,,00.000000150600,   4.24000,
,,,00.000000150800,   4.24000,
,,,00.000000151000,   4.24000,
,,,00.000000151200,   4.24000,
,,,00.000000151400,   4.24000,
,,,00.000000151600,   4.24000,
,,,00.000000151800,   4.24000,
,,,00.000000152000,   4.24000,
,,,00.000000152200,   4.24000,
,,,00.000000152400,   4.24000,
,,,00.000000152600,   4.24000,
,,,00.000000152800,   4.20000,
,,,00.000000153000,   4.20000,
,,,00.000000153200,   4.20000,
,,,00.000000153400,   4.20000,
,,,00.000000153600,   4.20000,
,,,00.000000153800,   4.20000,
,,,00.000000154000,   4.20000,
,,,00.000000154200,   4.16000,
,,,00.000000154400,   4.16000,
,,,00.000000154600,   4.16000,
,,,00.000000154800,   4.16000,
,,,00.000000155000,   4.16000,
,,,00.000000155200,   4.20000,
,,,00.000000155400,   4.20000,
,,,00.000000155600,   4.24000,
,,,00.000000155800,   4.20000,
,,,00.000000156000,   4.20000,
,,,00.000000156200,   4.20000,
,,,00.000000156400,   4.20000,
,,,00.000000156600,   4.20000,
,,,00.000000156800,   4.20000,
,,,00.000000157000,   4.20000,
,,,00.000000157200,   4.20000,
,,,00.000000157400,   4.20000,
,,,00.000000157600,   4.20000,
,,,00.000000157800,   4.20000,
,,,00.000000158000,   4.20000,
,,,00.000000158200,   4.20000,
,,,00.000000158400,   4.20000,
,,,00.000000158600,   4.20000,
,,,00.000000158800,   4.20000,
,,,00.000000159000,   4.20000,
,,,00.000000159200,   4.20000,
,,,00.000000159400,   4.20000,
,,,00.000000159600,   4.20000,
,,,00.000000159800,   4.20000,
,,,00.000000160000,   4.20000,
,,,00.000000160200,   4.24000,
,,,00.000000160400,   4.20000,
,,,00.000000160600,   4.20000,
,,,00.000000160800,   4.16000,
,,,00.000000161000,   4.16000,
,,,00.000000161200,   4.16000,
,,,00.000000161400,   4.16000,
,,,00.000000161600,   4.16000,
,,,00.000000161800,   4.16000,
,,,00.000000162000,   4.16000,
,,,00.000000162200,   4.16000,
,,,00.000000162400,   4.16000,
,,,00.000000162600,   4.20000,
,,,00.000000162800,   4.16000,
,,,00.000000163000,   4.16000,
,,,00.000000163200,   4.16000,
,,,00.000000163400,   4.12000,
,,,00.000000163600,   4.16000,
,,,00.000000163800,   4.16000,
,,,00.000000164000,   4.16000,
,,,00.000000164200,   4.16000,
,,,00.000000164400,   4.16000,
,,,00.000000164600,   4.16000,
,,,00.000000164800,   4.16000,
,,,00.000000165000,   4.16000,
,,,00.000000165200,   4.20000,
,,,00.000000165400,   4.20000,
,,,00.000000165600,   4.24000,
,,,00.000000165800,   4.20000,
,,,00.000000166000,   4.20000,
,,,00.000000166200,   4.20000,
,,,00.000000166400,   4.20000,
,,,00.000000166600,   4.24000,
,,,00.000000166800,   4.24000,
,,,00.000000167000,   4.24000,
,,,00.000000167200,   4.24000,
,,,00.000000167400,   4.24000,
,,,00.000000167600,   4.24000,
,,,00.000000167800,   4.20000,
,,,00.000000168000,   4.16000,
,,,00.000000168200,   4.12000,
,,,00.000000168400,   4.12000,
,,,00.000000168600,   4.16000,
,,,00.000000168800,   4.16000,
,,,00.000000169000,   4.16000,
,,,00.000000169200,   4.20000,
,,,00.000000169400,   4.20000,
,,,00.000000169600,   4.20000,
,,,00.000000169800,   4.16000,
,,,00.000000170000,   4.16000,
,,,00.000000170200,   4.16000,
,,,00.000000170400,   4.16000,
,,,00.000000170600,   4.16000,
,,,00.000000170800,   4.16000,
,,,00.000000171000,   4.16000,
,,,00.000000171200,   4.16000,
,,,00.000000171400,   4.16000,
,,,00.000000171600,   4.20000,
,,,00.000000171800,   4.20000,
,,,00.000000172000,   4.20000,
,,,00.000000172200,   4.16000,
,,,00.000000172400,   4.16000,
,,,00.000000172600,   4.16000,
,,,00.000000172800,   4.16000,
,,,00.000000173000,   4.16000,
,,,00.000000173200,   4.20000,
,,,00.000000173400,   4.20000,
,,,00.000000173600,   4.20000,
,,,00.000000173800,   4.16000,
,,,00.000000174000,   4.16000,
,,,00.000000174200,   4.16000,
,,,00.000000174400,   4.16000,
,,,00.000000174600,   4.16000,
,,,00.000000174800,   4.16000,
,,,00.000000175000,   4.16000,
,,,00.000000175200,   4.16000,
,,,00.000000175400,   4.16000,
,,,00.000000175600,   4.20000,
,,,00.000000175800,   4.20000,
,,,00.000000176000,   4.20000,
,,,00.000000176200,   4.20000,
,,,00.000000176400,   4.20000,
,,,00.000000176600,   4.20000,
,,,00.000000176800,   4.20000,
,,,00.000000177000,   4.20000,
,,,00.000000177200,   4.20000,
,,,00.000000177400,   4.20000,
,,,00.000000177600,   4.20000,
,,,00.000000177800,   4.16000,
,,,00.000000178000,   4.16000,
,,,00.000000178200,   4.12000,
,,,00.000000178400,   4.12000,
,,,00.000000178600,   4.12000,
,,,00.000000178800,   4.12000,
,,,00.000000179000,   4.12000,
,,,00.000000179200,   4.16000,
,,,00.000000179400,   4.16000,
,,,00.000000179600,   4.20000,
,,,00.000000179800,   4.20000,
,,,00.000000180000,   4.20000,
,,,00.000000180200,   4.20000,
,,,00.000000180400,   4.20000,
,,,00.000000180600,   4.20000,
,,,00.000000180800,   4.16000,
,,,00.000000181000,   4.16000,
,,,00.000000181200,   4.16000,
,,,00.000000181400,   4.16000,
,,,00.000000181600,   4.20000,
,,,00.000000181800,   4.16000,
,,,00.000000182000,   4.16000,
,,,00.000000182200,   4.16000,
,,,00.000000182400,   4.16000,
,,,00.000000182600,   4.16000,
,,,00.000000182800,   4.16000,
,,,00.000000183000,   4.16000,
,,,00.000000183200,   4.16000,
,,,00.000000183400,   4.16000,
,,,00.000000183600,   4.16000,
,,,00.000000183800,   4.16000,
,,,00.000000184000,   4.16000,
,,,00.000000184200,   4.20000,
,,,00.000000184400,   4.20000,
,,,00.000000184600,   4.20000,
,,,00.000000184800,   4.16000,
,,,00.000000185000,   4.16000,
,,,00.000000185200,   4.16000,
,,,00.000000185400,   4.16000,
,,,00.000000185600,   4.16000,
,,,00.000000185800,   4.16000,
,,,00.000000186000,   4.16000,
,,,00.000000186200,   4.16000,
,,,00.000000186400,   4.16000,
,,,00.000000186600,   4.20000,
,,,00.000000186800,   4.20000,
,,,00.000000187000,   4.20000,
,,,00.000000187200,   4.16000,
,,,00.000000187400,   4.16000,
,,,00.000000187600,   4.16000,
,,,00.000000187800,   4.16000,
,,,00.000000188000,   4.16000,
,,,00.000000188200,   4.16000,
,,,00.000000188400,   4.16000,
,,,00.000000188600,   4.16000,
,,,00.000000188800,   4.12000,
,,,00.000000189000,   4.16000,
,,,00.000000189200,   4.16000,
,,,00.000000189400,   4.16000,
,,,00.000000189600,   4.20000,
,,,00.000000189800,   4.20000,
,,,00.000000190000,   4.20000,
,,,00.000000190200,   4.20000,
,,,00.000000190400,   4.20000,
,,,00.000000190600,   4.20000,
,,,00.000000190800,   4.20000,
,,,00.000000191000,   4.20000,
,,,00.000000191200,   4.16000,
,,,00.000000191400,   4.16000,
,,,00.000000191600,   4.16000,
,,,00.000000191800,   4.16000,
,,,00.000000192000,   4.16000,
,,,00.000000192200,   4.16000,
,,,00.000000192400,   4.16000,
,,,00.000000192600,   4.16000,
,,,00.000000192800,   4.16000,
,,,00.000000193000,   4.16000,
,,,00.000000193200,   4.16000,
,,,00.000000193400,   4.16000,
,,,00.000000193600,   4.20000,
,,,00.000000193800,   4.20000,
,,,00.000000194000,   4.20000,
,,,00.000000194200,   4.16000,
,,,00.000000194400,   4.16000,
,,,00.000000194600,   4.16000,
,,,00.000000194800,   4.16000,
,,,00.000000195000,   4.16000,
,,,00.000000195200,   4.16000,
,,,00.000000195400,   4.16000,
,,,00.000000195600,   4.16000,
,,,00.000000195800,   4.16000,
,,,00.000000196000,   4.16000,
,,,00.000000196200,   4.16000,
,,,00.000000196400,   4.16000,
,,,00.000000196600,   4.20000,
,,,00.000000196800,   4.20000,
,,,00.000000197000,   4.20000,
,,,00.000000197200,   4.20000,
,,,00.000000197400,   4.20000,
,,,00.000000197600,   4.20000,
,,,00.000000197800,   4.16000,
,,,00.000000198000,   4.16000,
,,,00.000000198200,   4.12000,
,,,00.000000198400,   4.12000,
,,,00.000000198600,   4.12000,
,,,00.000000198800,   4.12000,
,,,00.000000199000,   4.12000,
,,,00.000000199200,   4.16000,
,,,00.000000199400,   4.16000,
,,,00.000000199600,   4.16000,
,,,00.000000199800,   4.16000,
,,,00.000000200000,   4.16000,
,,,00.000000200200,   4.20000,
,,,00.000000200400,   4.20000,
,,,00.000000200600,   4.24000,
,,,00.000000200800,   4.24000,
,,,00.000000201000,   4.24000,
,,,00.000000201200,   4.20000,
,,,00.000000201400,   4.20000,
,,,00.000000201600,   4.20000,
,,,00.000000201800,   4.16000,
,,,00.000000202000,   4.16000,
,,,00.000000202200,   4.16000,
,,,00.000000202400,   4.16000,
,,,00.000000202600,   4.16000,
,,,00.000000202800,   4.16000,
,,,00.000000203000,   4.16000,
,,,00.000000203200,   4.16000,
,,,00.000000203400,   4.16000,
,,,00.000000203600,   4.20000,
,,,00.000000203800,   4.16000,
,,,00.000000204000,   4.16000,
,,,00.000000204200,   4.16000,
,,,00.000000204400,   4.16000,
,,,00.000000204600,   4.16000,
,,,00.000000204800,   4.16000,
,,,00.000000205000,   4.16000,
,,,00.000000205200,   4.16000,
,,,00.000000205400,   4.16000,
,,,00.000000205600,   4.20000,
,,,00.000000205800,   4.20000,
,,,00.000000206000,   4.20000,
,,,00.000000206200,   4.20000,
,,,00.000000206400,   4.20000,
,,,00.000000206600,   4.20000,
,,,00.000000206800,   4.16000,
,,,00.000000207000,   4.16000,
,,,00.000000207200,   4.16000,
,,,00.000000207400,   4.12000,
,,,00.000000207600,   4.16000,
,,,00.000000207800,   4.16000,
,,,00.000000208000,   4.20000,
,,,00.000000208200,   4.16000,
,,,00.000000208400,   4.12000,
,,,00.000000208600,   4.12000,
,,,00.000000208800,   4.08000,
,,,00.000000209000,   4.08000,
,,,00.000000209200,   4.12000,
,,,00.000000209400,   4.12000,
,,,00.000000209600,   4.16000,
,,,00.000000209800,   4.12000,
,,,00.000000210000,   4.12000,
,,,00.000000210200,   4.12000,
,,,00.000000210400,   4.12000,
,,,00.000000210600,   4.16000,
,,,00.000000210800,   4.16000,
,,,00.000000211000,   4.16000,
,,,00.000000211200,   4.12000,
,,,00.000000211400,   4.12000,
,,,00.000000211600,   4.12000,
,,,00.000000211800,   4.12000,
,,,00.000000212000,   4.12000,
,,,00.000000212200,   4.12000,
,,,00.000000212400,   4.12000,
,,,00.000000212600,   4.12000,
,,,00.000000212800,   4.12000,
,,,00.000000213000,   4.12000,
,,,00.000000213200,   4.16000,
,,,00.000000213400,   4.16000,
,,,00.000000213600,   4.16000,
,,,00.000000213800,   4.16000,
,,,00.000000214000,   4.16000,
,,,00.000000214200,   4.16000,
,,,00.000000214400,   4.16000,
,,,00.000000214600,   4.16000,
,,,00.000000214800,   4.16000,
,,,00.000000215000,   4.16000,
,,,00.000000215200,   4.16000,
,,,00.000000215400,   4.16000,
,,,00.000000215600,   4.16000,
,,,00.000000215800,   4.16000,
,,,00.000000216000,   4.16000,
,,,00.000000216200,   4.20000,
,,,00.000000216400,   4.20000,
,,,00.000000216600,   4.20000,
,,,00.000000216800,   4.16000,
,,,00.000000217000,   4.16000,
,,,00.000000217200,   4.12000,
,,,00.000000217400,   4.12000,
,,,00.000000217600,   4.12000,
,,,00.000000217800,   4.08000,
,,,00.000000218000,   4.12000,
,,,00.000000218200,   4.12000,
,,,00.000000218400,   4.12000,
,,,00.000000218600,   4.16000,
,,,00.000000218800,   4.12000,
,,,00.000000219000,   4.12000,
,,,00.000000219200,   4.12000,
,,,00.000000219400,   4.08000,
,,,00.000000219600,   4.12000,
,,,00.000000219800,   4.12000,
,,,00.000000220000,   4.12000,
,,,00.000000220200,   4.16000,
,,,00.000000220400,   4.16000,
,,,00.000000220600,   4.16000,
,,,00.000000220800,   4.16000,
,,,00.000000221000,   4.16000,
,,,00.000000221200,   4.12000,
,,,00.000000221400,   4.12000,
,,,00.000000221600,   4.12000,
,,,00.000000221800,   4.12000,
,,,00.000000222000,   4.12000,
,,,00.000000222200,   4.16000,
,,,00.000000222400,   4.16000,
,,,00.000000222600,   4.16000,
,,,00.000000222800,   4.16000,
,,,00.000000223000,   4.16000,
,,,00.000000223200,   4.12000,
,,,00.000000223400,   4.12000,
,,,00.000000223600,   4.12000,
,,,00.000000223800,   4.08000,
,,,00.000000224000,   4.12000,
,,,00.000000224200,   4.12000,
,,,00.000000224400,   4.12000,
,,,00.000000224600,   4.16000,
,,,00.000000224800,   4.16000,
,,,00.000000225000,   4.16000,
,,,00.000000225200,   4.16000,
,,,00.000000225400,   4.16000,
,,,00.000000225600,   4.16000,
,,,00.000000225800,   4.16000,
,,,00.000000226000,   4.16000,
,,,00.000000226200,   4.16000,
,,,00.000000226400,   4.16000,
,,,00.000000226600,   4.20000,
,,,00.000000226800,   4.16000,
,,,00.000000227000,   4.16000,
,,,00.000000227200,   4.12000,
,,,00.000000227400,   4.12000,
,,,00.000000227600,   4.12000,
,,,00.000000227800,   4.12000,
,,,00.000000228000,   4.12000,
,,,00.000000228200,   4.16000,
,,,00.000000228400,   4.16000,
,,,00.000000228600,   4.20000,
,,,00.000000228800,   4.16000,
,,,00.000000229000,   4.16000,
,,,00.000000229200,   4.16000,
,,,00.000000229400,   4.16000,
,,,00.000000229600,   4.16000,
,,,00.000000229800,   4.16000,
,,,00.000000230000,   4.16000,
,,,00.000000230200,   4.12000,
,,,00.000000230400,   4.12000,
,,,00.000000230600,   4.12000,
,,,00.000000230800,   4.12000,
,,,00.000000231000,   4.12000,
,,,00.000000231200,   4.16000,
,,,00.000000231400,   4.16000,
,,,00.000000231600,   4.20000,
,,,00.000000231800,   4.16000,
,,,00.000000232000,   4.16000,
,,,00.000000232200,   4.16000,
,,,00.000000232400,   4.16000,
,,,00.000000232600,   4.20000,
,,,00.000000232800,   4.16000,
,,,00.000000233000,   4.16000,
,,,00.000000233200,   4.16000,
,,,00.000000233400,   4.16000,
,,,00.000000233600,   4.16000,
,,,00.000000233800,   4.16000,
,,,00.000000234000,   4.16000,
,,,00.000000234200,   4.12000,
,,,00.000000234400,   4.12000,
,,,00.000000234600,   4.12000,
,,,00.000000234800,   4.12000,
,,,00.000000235000,   4.12000,
,,,00.000000235200,   4.12000,
,,,00.000000235400,   4.12000,
,,,00.000000235600,   4.12000,
,,,00.000000235800,   4.12000,
,,,00.000000236000,   4.12000,
,,,00.000000236200,   4.16000,
,,,00.000000236400,   4.16000,
,,,00.000000236600,   4.20000,
,,,00.000000236800,   4.16000,
,,,00.000000237000,   4.16000,
,,,00.000000237200,   4.16000,
,,,00.000000237400,   4.16000,
,,,00.000000237600,   4.16000,
,,,00.000000237800,   4.16000,
,,,00.000000238000,   4.16000,
,,,00.000000238200,   4.16000,
,,,00.000000238400,   4.16000,
,,,00.000000238600,   4.16000,
,,,00.000000238800,   4.16000,
,,,00.000000239000,   4.16000,
,,,00.000000239200,   4.16000,
,,,00.000000239400,   4.16000,
,,,00.000000239600,   4.16000,
,,,00.000000239800,   4.16000,
,,,00.000000240000,   4.16000,
,,,00.000000240200,   4.16000,
,,,00.000000240400,   4.16000,
,,,00.000000240600,   4.16000,
,,,00.000000240800,   4.16000,
,,,00.000000241000,   4.16000,
,,,00.000000241200,   4.16000,
,,,00.000000241400,   4.16000,
,,,00.000000241600,   4.16000,
,,,00.000000241800,   4.16000,
,,,00.000000242000,   4.16000,
,,,00.000000242200,   4.12000,
,,,00.000000242400,   4.12000,
,,,00.000000242600,   4.12000,
,,,00.000000242800,   4.12000,
,,,00.000000243000,   4.12000,
,,,00.000000243200,   4.16000,
,,,00.000000243400,   4.16000,
,,,00.000000243600,   4.16000,
,,,00.000000243800,   4.12000,
,,,00.000000244000,   4.12000,
,,,00.000000244200,   4.08000,
,,,00.000000244400,   4.08000,
,,,00.000000244600,   4.08000,
,,,00.000000244800,   4.08000,
,,,00.000000245000,   4.12000,
,,,00.000000245200,   4.16000,
,,,00.000000245400,   4.12000,
,,,00.000000245600,   4.12000,
,,,00.000000245800,   4.08000,
,,,00.000000246000,   4.08000,
,,,00.000000246200,   4.12000,
,,,00.000000246400,   4.16000,
,,,00.000000246600,   4.20000,
,,,00.000000246800,   4.20000,
,,,00.000000247000,   4.20000,
,,,00.000000247200,   4.16000,
,,,00.000000247400,   4.12000,
,,,00.000000247600,   4.12000,
,,,00.000000247800,   4.08000,
,,,00.000000248000,   4.12000,
,,,00.000000248200,   4.12000,
,,,00.000000248400,   4.12000,
,,,00.000000248600,   4.12000,
,,,00.000000248800,   4.12000,
,,,00.000000249000,   4.12000,
,,,00.000000249200,   4.12000,
,,,00.000000249400,   4.12000,
,,,00.000000249600,   4.12000,
,,,00.000000249800,   4.12000,
